<?xml version="1.0" encoding="utf-8"?>
<odoo noupdate="1">
    <record model="hawk.analysis.type" id="analysis_type1">
        <field name="name">Safety</field>
        <field name="is_active" eval="True"/>
        <field name="sequence">1</field>
    </record>
    <record model="hawk.analysis.type" id="analysis_type2">
        <field name="name">Quality</field>
        <field name="is_active" eval="False"/>
        <field name="sequence">2</field>
    </record>
    <record model="hawk.analysis.type" id="analysis_type3">
        <field name="name">Health</field>
        <field name="is_active" eval="False"/>
        <field name="sequence">3</field>
    </record>
    <record model="hawk.analysis.type" id="analysis_type4">
        <field name="name">Environment</field>
        <field name="is_active" eval="False"/>
        <field name="sequence">4</field>
    </record>
</odoo>