<?xml version="1.0" encoding="utf-8"?>
<odoo>
    <data noupdate="1">
        <function name="write" model="ir.model.data">
            <function name="search" model="ir.model.data">
                <value eval="['|','&amp;',('module', '=', 'base'), ('name', '=', 'main_partner'),
                '|','&amp;',('module', '=', 'base'), ('name', '=', 'main_company'),
                '|','&amp;',('module','=','base'),('name','=','partner_admin'),
                '&amp;',('module','=','base'),('name','=','user_admin'),]"/>
            </function>
            <value eval="{'noupdate': False}" />
        </function>

        <record id="base.main_partner" model="res.partner" context="{'default_is_company': True}">
            <field name="name">ThinkSavvy</field>
            <field name="is_company" eval="True"/>
            <field name="company_id" ref="base.main_company"/>
            <field name="street">Level 14 333</field>
            <field name="street2">420 Collins Street</field>
            <field name="city">Melbourne</field>
            <field name="zip">3000</field>
            <field name="state_id" ref="base.state_au_7"/>
            <field name="country_id" ref="base.au"/>
            <field name="phone">+61 3 8687 2173</field>
            <field name="email">admin@think-savvy.com</field>
            <field name="website">www.think-savvy.com</field>
            <field name="image_1920" type="base64" file="hawk_base/static/img/thinksavvy_logo.png"/>
        </record>

        <record id="base.main_company" model="res.company">
            <field name="name">ThinkSavvy</field>
            <field name="partner_id" ref="base.main_partner"/>
            <field name="currency_id" ref="base.AUD"/>
            <field name="street">Level 2</field>
            <field name="street2">420 Collins Street</field>
            <field name="city">Melbourne</field>
            <field name="zip">3000</field>
            <field name="state_id" ref="base.state_au_7"/>
            <field name="country_id" ref="base.au"/>
            <field name="phone">+61 3 8687 2173</field>
            <field name="email">admin@think-savvy.com</field>
            <field name="website">www.think-savvy.com</field>
        </record>

        <record model="res.partner" id="base.partner_admin">
            <field name="name">Admin</field>
            <field name="parent_id" ref="base.main_partner"/>
            <field name="street">Level 14 333</field>
            <field name="street2">420 Collins Street</field>
            <field name="city">Melbourne</field>
            <field name="zip">3000</field>
            <field name="state_id" ref="base.state_au_7"/>
            <field name="country_id" ref="base.au"/>
            <field name="phone">+61 3 8687 2173</field>
            <field name="email">admin@think-savvy.com</field>
            <field name="tz">Europe/Brussels</field>
<!--            <field name="image_1920" type="base64" file="hawk_base/static/img/admin_profile.png"/>-->
        </record>

        <record id="base.user_admin" model="res.users">
            <field name="signature"><![CDATA[<span>-- <br/>Admin</span>]]></field>
        </record>

        <function name="write" model="ir.model.data">
            <function name="search" model="ir.model.data">
                <value eval="['|','&amp;',('module', '=', 'base'), ('name', '=', 'main_partner'),
                '|','&amp;',('module', '=', 'base'), ('name', '=', 'main_company'),
                '|','&amp;',('module','=','base'),('name','=','partner_admin'),
                '&amp;',('module','=','base'),('name','=','user_admin'),]"/>
            </function>
            <value eval="{'noupdate': True}" />
        </function>
    </data>
</odoo>