<?xml version="1.0" encoding="utf-8"?>
<odoo>
    <data noupdate="1">
        
        <record id="hawk_industry_A" model="hawk.industry">
            <field name="name">Agriculture</field>
            <field name="full_name">A AGRICULTURE, FORESTRY AND FISHING</field>
        </record>

        <record id="hawk_industry_B" model="hawk.industry">
            <field name="name">Mining</field>
            <field name="full_name">B MINING AND QUARRYING</field>
        </record>

        <record id="hawk_industry_C" model="hawk.industry">
            <field name="name">Manufacturing</field>
            <field name="full_name">C MANUFACTURING</field>
        </record>

        <record id="hawk_industry_D" model="hawk.industry">
            <field name="name">Energy supply</field>
            <field name="full_name">D ELECTRICITY,GAS,STEAM AND AIR CONDITIONING SUPPLY</field>
        </record>

        <record id="hawk_industry_E" model="hawk.industry">
            <field name="name">Water supply</field>
            <field name="full_name">E WATER SUPPLY;SEWERAGE,WASTE MANAGEMENT AND REMEDIATION ACTIVITIES</field>
        </record>

        <record id="hawk_industry_F" model="hawk.industry">
            <field name="name">Construction</field>
            <field name="full_name">F CONSTRUCTION</field>
        </record>

        <record id="hawk_industry_G" model="hawk.industry">
            <field name="name">Wholesale/Retail</field>
            <field name="full_name">G WHOLESALE AND RETAIL TRADE;REPAIR OF MOTOR VEHICLES AND MOTORCYCLES</field>
        </record>

        <record id="hawk_industry_H" model="hawk.industry">
            <field name="name">Transportation</field>
            <field name="full_name">H TRANSPORTATION AND STORAGE</field>
        </record>

        <record id="hawk_industry_I" model="hawk.industry">
            <field name="name">Food</field>
            <field name="full_name">I ACCOMMODATION AND FOOD SERVICE ACTIVITIES</field>
        </record>

        <record id="hawk_industry_J" model="hawk.industry">
            <field name="name">IT/Communication</field>
            <field name="full_name">J INFORMATION AND COMMUNICATION</field>
        </record>

        <record id="hawk_industry_K" model="hawk.industry">
            <field name="name">Finance/Insurance</field>
            <field name="full_name">K FINANCIAL AND INSURANCE ACTIVITIES</field>
        </record>

        <record id="hawk_industry_L" model="hawk.industry">
            <field name="name">Real Estate</field>
            <field name="full_name">L REAL ESTATE ACTIVITIES</field>
        </record>

        <record id="hawk_industry_M" model="hawk.industry">
            <field name="name">Scientific</field>
            <field name="full_name">M PROFESSIONAL, SCIENTIFIC AND TECHNICAL ACTIVITIES</field>
        </record>

        <record id="hawk_industry_N" model="hawk.industry">
            <field name="name">Administrative</field>
            <field name="full_name">N ADMINISTRATIVE AND SUPPORT SERVICE ACTIVITIES</field>
        </record>

        <record id="hawk_industry_O" model="hawk.industry">
            <field name="name">Public Administration</field>
            <field name="full_name">O PUBLIC ADMINISTRATION AND DEFENCE;COMPULSORY SOCIAL SECURITY</field>
        </record>

        <record id="hawk_industry_P" model="hawk.industry">
            <field name="name">Education</field>
            <field name="full_name">P EDUCATION</field>
        </record>

        <record id="hawk_industry_Q" model="hawk.industry">
            <field name="name">Health/Social</field>
            <field name="full_name">Q HUMAN HEALTH AND SOCIAL WORK ACTIVITIES</field>
        </record>

        <record id="hawk_industry_R" model="hawk.industry">
            <field name="name">Entertainment</field>
            <field name="full_name">R ARTS, ENTERTAINMENT AND RECREATION</field>
        </record>

        <record id="hawk_industry_S" model="hawk.industry">
            <field name="name">Other Services</field>
            <field name="full_name">S OTHER SERVICE ACTIVITIES</field>
        </record>

        <record id="hawk_industry_T" model="hawk.industry">
            <field name="name">Households</field>
            <field name="full_name">T ACTIVITIES OF HOUSEHOLDS AS EMPLOYERS;UNDIFFERENTIATED GOODS- AND SERVICES-PRODUCING ACTIVITIES OF HOUSEHOLDS FOR OWN USE</field>
        </record>

        <record id="hawk_industry_U" model="hawk.industry">
            <field name="name">Extraterritorial</field>
            <field name="full_name">U ACTIVITIES OF EXTRA TERRITORIAL ORGANISATIONS AND BODIES</field>
        </record>
    
    </data>
</odoo>