<?xml version="1.0" encoding="utf-8"?>
<odoo>
    <data>
        <record id="email_template_send_to_manager" model="mail.template">
            <field name="name">Hawk Report: Send by Email</field>
            <field name="model_id" ref="hawk_base.model_hawk_analysis"/>
            <field name="email_from">${object.mail_server_res_partner_id.email_formatted | safe}</field>
            <field name="email_to">${object.tenderer_id.tender_id.contact_id.email | safe}</field>
            <field name="subject">${object.name} | Hawk Appraisal Report for ${object.tenderer_id.tender_id.name}</field>
            <field name="body_html" type="html">
                <div style="margin: 0px; padding: 0px;">
                    <p style="margin: 0px; padding: 0px; font-size: 13px;">
                        Dear ${object.tenderer_id.tender_id.contact_id.name},
                        <br/><br/>
                        Please find attached ${object.company_string}'s Hawk Tender Appraisal Report for ${object.tenderer_id.name} for ${object.tenderer_id.tender_id.name}.
                        <br/><br/>
                        This is report ${object.analysis_index} of ${object.analysis_count}.
                        <br/><br/>
                        If you have trouble downloading the file or have any further questions on the report, please contact me.
                        <br/><br/>
                        Regards,
                        <br/>
                        ${object.mail_server_res_partner_id.name}
                        <br/><br/>
                        SAVVY CORPORATION
                        <br/>
                        When you want to optimise business performance - <strong>THINK SAVVY</strong>
                        <br/><br/>
                        <small>The information contained in this e-mail is intended only for the use of the person(s) to whom
                        it is addressed and may be confidential or contain legally privileged information.
                        If you are not the intended recipient you are hereby notified that any perusal, use,
                        distribution, copying, or disclosure is strictly prohibited. If you have received this e-mail
                        in error, please immediately advise us by return e-mail and delete the email document without making a copy.</small>
                    </p>
                </div>
            </field>
        </record>
    </data>
</odoo>
