<?xml version="1.0" encoding="utf-8"?>
<odoo>
    <data noupdate="0">

        <!-- NEW TENDER CREATED -->
        <record id="new_tender_template" model="mail.template">
            <field name="name">Hawk Notification: Send by email</field>
            <field name="model_id" ref="hawk_base.model_hawk_tender"/>
            <field name="email_from">${object.mail_server_res_partner_id.email_formatted | safe}</field>
            <field name="email_to">${object.tender_manager_id.email_formatted | safe}</field>
            <field name="subject">New Tender Created | ${object.name}</field>
            <field name="body_html" type="html">
                <div style="margin: 0px; padding: 0px;">
                    <p style="margin: 0px; padding: 0px; font-size: 13px;">
                        Dear ${object.tender_manager_id.name},
                        <br/><br/>
                        Please be informed that a new tender was created with a title <strong>${object.name}</strong>.
                        <br/><br/>
                        You may now proceed to the tender page and assign roles for the <i>Team Leader</i> and <i>Concierge</i>.
                        <br/><br/>
                        <a href="${ctx['url']}" style="background-color: #5a3d98; color: white; padding: 5px;">Go to Tender</a>
                        <br/><br/>
                        Regards,
                        <br/>
                        ${object.mail_server_res_partner_id.name}
                        <br/><br/>
                        SAVVY CORPORATION
                        <br/>
                        When you want to optimise business performance - <strong>THINK SAVVY</strong>
                        <br/><br/>
                        <small>The information contained in this e-mail is intended only for the use of the person(s) to whom
                        it is addressed and may be confidential or contain legally privileged information.
                        If you are not the intended recipient you are hereby notified that any perusal, use,
                        distribution, copying, or disclosure is strictly prohibited. If you have received this e-mail
                        in error, please immediately advise us by return e-mail and delete the email document without making a copy.</small>
                    </p>
                </div>
            </field>
        </record>

        <!-- NEW TENDER CREATED (FOR CLIENT) -->
        <record id="new_tender_for_client_template" model="mail.template">
            <field name="name">Hawk Notification: Send by email</field>
            <field name="model_id" ref="hawk_base.model_hawk_tender"/>
            <field name="email_from">"Think Savvy" &lt;HTA.portal@think-savvy.com&gt;</field>
            <field name="email_to">${object.contact_id.email_formatted | safe}</field>
            <field name="reply_to">concierge@think-savvy.com</field>
            <field name="subject">ThinkSavvy - Tender Created (${object.name})</field>
            <field name="body_html" type="html">
                <div style="margin: 0px; padding: 0px;">
                    <p style="margin: 0px; padding: 0px; font-size: 13px;">
                        Dear ${object.contact_id.name},
                        <br/><br/>
                        A job with the below information has been established in our assessment laboratory successfully.
                        <br/><br/>
                        Tender title: <strong>${object.name}</strong>
                        <br/>Project ID: <strong>${object.reference}</strong>
                        <br/><br/>
                        The assessment process will be established shortly, and you will receive the assessment reports in 10 working days.
                        <br/><br/>
                        Our technical team will contact you for any necessary information, and we would like to hear from you during this time if you have any questions.
                        <br/><br/>
                        Contact us at: concierge@think-savvy.com.
                        <br/><br/>
                        Kind Regards
                        <br/>
                        % if object.order_id:
                        ${object.order_id.user_id.name}
                        % else
                        Think Savvy
                        % endif
                        <br/><br/><br/><br/>
                        SAVVY CORPORATION
                        <br/>
                        When you want to optimise business performance - <strong>THINK SAVVY</strong>
                        <br/><br/>
                        <small>The information contained in this e-mail is intended only for the use of the person(s) to whom
                        it is addressed and may be confidential or contain legally privileged information.
                        If you are not the intended recipient you are hereby notified that any perusal, use,
                        distribution, copying, or disclosure is strictly prohibited. If you have received this e-mail
                        in error, please immediately advise us by return e-mail and delete the email document without making a copy.</small>
                    </p>
                </div>
            </field>
        </record>

        <!-- ASSIGN TL -->
        <record id="assign_tl_template" model="mail.template">
            <field name="name">Hawk Notification: Send by email</field>
            <field name="model_id" ref="hawk_base.model_assign_teamleader"/>
            <field name="email_from">${object.tender_id.mail_server_res_partner_id.email_formatted | safe}</field>
            <field name="email_to">${object.team_leader_id.email_formatted | safe}</field>
            <field name="email_cc">${object.tender_id.tender_manager_id.email_formatted | safe}</field>
            <field name="subject">Team Leader Role Assignment | ${object.tender_id.name}</field>
            <field name="body_html" type="html">
                <div style="margin: 0px; padding: 0px;">
                    <p style="margin: 0px; padding: 0px; font-size: 13px;">
                        Dear ${object.team_leader_id.name},
                        <br/><br/>
                        Please be informed that you have been assigned by ${object.tender_id.tender_manager_id.name},
                        <br/><br/>
                        as the <strong>Team Leader</strong> for the project <strong>${object.tender_id.name}</strong>.
                        <br/><br/>
                        <a href="${ctx['url']}" style="background-color: #5a3d98; color: white; padding: 5px;">Go to Tender</a>
                        <br/><br/>
                        Regards,
                        <br/>
                        ${object.tender_id.mail_server_res_partner_id.name}
                        <br/><br/>
                        SAVVY CORPORATION
                        <br/>
                        When you want to optimise business performance - <strong>THINK SAVVY</strong>
                        <br/><br/>
                        <small>The information contained in this e-mail is intended only for the use of the person(s) to whom
                        it is addressed and may be confidential or contain legally privileged information.
                        If you are not the intended recipient you are hereby notified that any perusal, use,
                        distribution, copying, or disclosure is strictly prohibited. If you have received this e-mail
                        in error, please immediately advise us by return e-mail and delete the email document without making a copy.</small>
                    </p>
                </div>
            </field>
        </record>

        <!-- ASSIGN CRM -->
        <record id="assign_crm_template" model="mail.template">
            <field name="name">Hawk Notification: Send by email</field>
            <field name="model_id" ref="hawk_base.model_assign_teamleader"/>
            <field name="email_from">${object.tender_id.mail_server_res_partner_id.email_formatted | safe}</field>
            <field name="email_to">${object.crm_id.email_formatted | safe}</field>
            <field name="email_cc">${object.tender_id.tender_manager_id.email_formatted | safe}</field>
            <field name="subject">Concierge Role Assignment | ${object.tender_id.name}</field>
            <field name="body_html" type="html">
                <div style="margin: 0px; padding: 0px;">
                    <p style="margin: 0px; padding: 0px; font-size: 13px;">
                        Dear ${object.crm_id.name},
                        <br/><br/>
                        Please be informed that you have been assigned by ${object.tender_id.tender_manager_id.name},
                        <br/><br/>
                        as the <strong>Concierge</strong> for the project <strong>${object.tender_id.name}</strong>.
                        <br/><br/>
                        <a href="${ctx['url']}" style="background-color: #5a3d98; color: white; padding: 5px;">Go to Tender</a>
                        <br/><br/>
                        Regards,
                        <br/>
                        ${object.tender_id.mail_server_res_partner_id.name}
                        <br/><br/>
                        SAVVY CORPORATION
                        <br/>
                        When you want to optimise business performance - <strong>THINK SAVVY</strong>
                        <br/><br/>
                        <small>The information contained in this e-mail is intended only for the use of the person(s) to whom
                        it is addressed and may be confidential or contain legally privileged information.
                        If you are not the intended recipient you are hereby notified that any perusal, use,
                        distribution, copying, or disclosure is strictly prohibited. If you have received this e-mail
                        in error, please immediately advise us by return e-mail and delete the email document without making a copy.</small>
                    </p>
                </div>
            </field>
        </record>

        <!-- CANCEL TENDER - CONCIERGE -->
        <record id="cancel_tender_crm_template" model="mail.template">
            <field name="name">Hawk Notification: Send by email</field>
            <field name="model_id" ref="hawk_base.model_cancel_tender"/>
            <field name="email_from">${object.tender_id.mail_server_res_partner_id.email_formatted | safe}</field>
            <field name="email_to">${object.tender_id.crm_id.email_formatted | safe}</field>
            <field name="email_cc">${object.tender_id.tender_manager_id.email_formatted | safe}</field>
            <field name="subject">Tender Cancellation Approval | ${object.tender_id.name}</field>
            <field name="body_html" type="html">
                <div style="margin: 0px; padding: 0px;">
                    <p style="margin: 0px; padding: 0px; font-size: 13px;">
                        Dear ${object.tender_id.crm_id.name},
                        <br/><br/>
                        Tender Manager ${object.tender_id.tender_manager_id.name} is requesting for your approval
                        <br/><br/>
                        to cancel the tender with the title of <strong>${object.tender_id.name}</strong>.
                        <br/><br/>
                        Please see message below for the reason of cancellation,
                        <br/><br/>
                        "<i>${object.note}</i>"
                        <br/><br/>
                        <a href="${ctx['url']}" style="background-color: #5a3d98; color: white; padding: 5px;">Go to Tender</a>
                        <br/><br/>
                        Regards,
                        <br/>
                        ${object.tender_id.mail_server_res_partner_id.name}
                        <br/><br/>
                        SAVVY CORPORATION
                        <br/>
                        When you want to optimise business performance - <strong>THINK SAVVY</strong>
                        <br/><br/>
                        <small>The information contained in this e-mail is intended only for the use of the person(s) to whom
                        it is addressed and may be confidential or contain legally privileged information.
                        If you are not the intended recipient you are hereby notified that any perusal, use,
                        distribution, copying, or disclosure is strictly prohibited. If you have received this e-mail
                        in error, please immediately advise us by return e-mail and delete the email document without making a copy.</small>
                    </p>
                </div>
            </field>
        </record>

        <!-- CANCEL TENDER - REJECT -->
        <record id="cancel_tender_reject_template" model="mail.template">
            <field name="name">Hawk Notification: Send by email</field>
            <field name="model_id" ref="hawk_base.model_hawk_tender"/>
            <field name="email_from">${object.mail_server_res_partner_id.email_formatted | safe}</field>
            <field name="email_to">${object.tender_manager_id.email_formatted | safe}</field>
            <field name="email_cc">${object.crm_id.email_formatted | safe}</field>
            <field name="subject">Tender Cancellation Rejected | ${object.name}</field>
            <field name="body_html" type="html">
                <div style="margin: 0px; padding: 0px;">
                    <p style="margin: 0px; padding: 0px; font-size: 13px;">
                        Dear ${object.tender_manager_id.name},
                        <br/><br/>
                        ${object.crm_id.name} rejected your request to cancel tender title <strong>${object.name}</strong>.
                        <br/><br/>
                        <a href="${ctx['url']}" style="background-color: #5a3d98; color: white; padding: 5px;">Go to Tender</a>
                        <br/><br/>
                        Regards,
                        <br/>
                        ${object.mail_server_res_partner_id.name}
                        <br/><br/>
                        SAVVY CORPORATION
                        <br/>
                        When you want to optimise business performance - <strong>THINK SAVVY</strong>
                        <br/><br/>
                        <small>The information contained in this e-mail is intended only for the use of the person(s) to whom
                        it is addressed and may be confidential or contain legally privileged information.
                        If you are not the intended recipient you are hereby notified that any perusal, use,
                        distribution, copying, or disclosure is strictly prohibited. If you have received this e-mail
                        in error, please immediately advise us by return e-mail and delete the email document without making a copy.</small>
                    </p>
                </div>
            </field>
        </record>

        <!-- CANCEL TENDER - APPROVED -->
        <record id="cancel_tender_approved_template" model="mail.template">
            <field name="name">Hawk Notification: Send by email</field>
            <field name="model_id" ref="hawk_base.model_hawk_tender"/>
            <field name="email_from">${object.mail_server_res_partner_id.email_formatted | safe}</field>
            <field name="email_to">${object.tender_manager_id.email_formatted | safe}</field>
            <field name="email_cc">${object.crm_id.email_formatted | safe}</field>
            <field name="subject">Tender Cancellation Approved | ${object.name}</field>
            <field name="body_html" type="html">
                <div style="margin: 0px; padding: 0px;">
                    <p style="margin: 0px; padding: 0px; font-size: 13px;">
                        Dear ${object.tender_manager_id.name},
                        <br/><br/>
                        ${object.crm_id.name} approved your request to cancel tender title <strong>${object.name}</strong>.
                        <br/><br/>
                        <a href="${ctx['url']}" style="background-color: #5a3d98; color: white; padding: 5px;">Go to Tender</a>
                        <br/><br/>
                        Regards,
                        <br/>
                        ${object.mail_server_res_partner_id.name}
                        <br/><br/>
                        SAVVY CORPORATION
                        <br/>
                        When you want to optimise business performance - <strong>THINK SAVVY</strong>
                        <br/><br/>
                        <small>The information contained in this e-mail is intended only for the use of the person(s) to whom
                        it is addressed and may be confidential or contain legally privileged information.
                        If you are not the intended recipient you are hereby notified that any perusal, use,
                        distribution, copying, or disclosure is strictly prohibited. If you have received this e-mail
                        in error, please immediately advise us by return e-mail and delete the email document without making a copy.</small>
                    </p>
                </div>
            </field>
        </record>

        <!-- SIGN NDA TL -->
        <record id="sign_nda_tl_template" model="mail.template">
            <field name="name">Hawk Notification: Send by email</field>
            <field name="model_id" ref="hawk_base.model_hawk_tender"/>
            <field name="email_from">${object.mail_server_res_partner_id.email_formatted | safe}</field>
            <field name="email_to">${object.tender_manager_id.email_formatted | safe}</field>
            <field name="email_cc">${object.team_lead_id.email_formatted | safe}</field>
            <field name="subject">NDA Signed by Team Leader | ${object.name}</field>
            <field name="body_html" type="html">
                <div style="margin: 0px; padding: 0px;">
                    <p style="margin: 0px; padding: 0px; font-size: 13px;">
                        Dear ${object.tender_manager_id.name},
                        <br/><br/>
                        ${object.team_lead_id.name} signed the NDA for the tender title <strong>${object.name}</strong>,
                        <br/><br/>
                        and is now ready to set the tenderer details.
                        <br/><br/>
                        <a href="${ctx['url']}" style="background-color: #5a3d98; color: white; padding: 5px;">Go to Tender</a>
                        <br/><br/>
                        Regards,
                        <br/>
                        ${object.mail_server_res_partner_id.name}
                        <br/><br/>
                        SAVVY CORPORATION
                        <br/>
                        When you want to optimise business performance - <strong>THINK SAVVY</strong>
                        <br/><br/>
                        <small>The information contained in this e-mail is intended only for the use of the person(s) to whom
                        it is addressed and may be confidential or contain legally privileged information.
                        If you are not the intended recipient you are hereby notified that any perusal, use,
                        distribution, copying, or disclosure is strictly prohibited. If you have received this e-mail
                        in error, please immediately advise us by return e-mail and delete the email document without making a copy.</small>
                    </p>
                </div>
            </field>
        </record>

        <!-- SET TENDERER DETAILS -->
        <record id="set_tenderer_template" model="mail.template">
            <field name="name">Hawk Notification: Send by email</field>
            <field name="model_id" ref="hawk_base.model_hawk_tender"/>
            <field name="email_from">${object.mail_server_res_partner_id.email_formatted | safe}</field>
            <field name="email_to">${object.tender_manager_id.email_formatted | safe}</field>
            <field name="email_cc">${object.team_lead_id.email_formatted | safe}</field>
            <field name="subject">Set Tenderer Details | ${object.name}</field>
            <field name="body_html" type="html">
                <div style="margin: 0px; padding: 0px;">
                    <p style="margin: 0px; padding: 0px; font-size: 13px;">
                        Dear ${object.tender_manager_id.name},
                        <br/><br/>
                        ${object.team_lead_id.name} has successfully completed the tenderer details and
                        <br/><br/>
                        assigned analyst for each tenderer for the tender title <strong>${object.name}</strong>.
                        <br/><br/>
                        <a href="${ctx['url']}" style="background-color: #5a3d98; color: white; padding: 5px;">Go to Tender</a>
                        <br/><br/>
                        Regards,
                        <br/>
                        ${object.mail_server_res_partner_id.name}
                        <br/><br/>
                        SAVVY CORPORATION
                        <br/>
                        When you want to optimise business performance - <strong>THINK SAVVY</strong>
                        <br/><br/>
                        <small>The information contained in this e-mail is intended only for the use of the person(s) to whom
                        it is addressed and may be confidential or contain legally privileged information.
                        If you are not the intended recipient you are hereby notified that any perusal, use,
                        distribution, copying, or disclosure is strictly prohibited. If you have received this e-mail
                        in error, please immediately advise us by return e-mail and delete the email document without making a copy.</small>
                    </p>
                </div>
            </field>
        </record>

        <!-- ASSIGN ANALYSTS -->
        <record id="assign_analyst_template" model="mail.template">
            <field name="name">Hawk Notification: Send by email</field>
            <field name="model_id" ref="hawk_base.model_hawk_analysis"/>
            <field name="email_from">${object.mail_server_res_partner_id.email_formatted | safe}</field>
            <field name="email_to">${object.safety_analyst_id.email_formatted | safe}</field>
            <field name="email_cc">${object.team_leader_id.email_formatted | safe}</field>
            <field name="subject">Analyst Role Assignment | ${object.name}</field>
            <field name="body_html" type="html">
                <div style="margin: 0px; padding: 0px;">
                    <p style="margin: 0px; padding: 0px; font-size: 13px;">
                        Dear ${object.safety_analyst_id.name},
                        <br/><br/>
                        Team leader ${object.team_leader_id.name} assigned you for a new job as an analyst,
                        <br/><br/>
                        for the tenderer title <strong>${object.name}</strong>.
                        <br/><br/>
                        <a href="${ctx['url']}" style="background-color: #5a3d98; color: white; padding: 5px;">Go to Analysis</a>
                        <br/><br/>
                        Regards,
                        <br/>
                        ${object.mail_server_res_partner_id.name}
                        <br/><br/>
                        SAVVY CORPORATION
                        <br/>
                        When you want to optimise business performance - <strong>THINK SAVVY</strong>
                        <br/><br/>
                        <small>The information contained in this e-mail is intended only for the use of the person(s) to whom
                        it is addressed and may be confidential or contain legally privileged information.
                        If you are not the intended recipient you are hereby notified that any perusal, use,
                        distribution, copying, or disclosure is strictly prohibited. If you have received this e-mail
                        in error, please immediately advise us by return e-mail and delete the email document without making a copy.</small>
                    </p>
                </div>
            </field>
        </record>

        <!-- CANCEL TASK BY ANALYST -->
        <record id="cancel_by_analyst_template" model="mail.template">
            <field name="name">Hawk Notification: Send by email</field>
            <field name="model_id" ref="hawk_base.model_hawk_analysis"/>
            <field name="email_from">${object.mail_server_res_partner_id.email_formatted | safe}</field>
            <field name="email_to">${object.team_leader_id.email_formatted | safe}</field>
            <field name="email_cc">${object.tender_manager_id.email_formatted | safe}</field>
            <field name="subject">Task Cancelled by Analyst | ${object.name}</field>
            <field name="body_html" type="html">
                <div style="margin: 0px; padding: 0px;">
                    <p style="margin: 0px; padding: 0px; font-size: 13px;">
                        Dear ${object.team_leader_id.name},
                        <br/><br/>
                        Please be informed that ${object.safety_analyst_id.name} cancelled the task as an analyst,
                        <br/><br/>
                        for the tenderer title <strong>${object.name}</strong>.
                        <br/><br/>
                        Here is the reason for cancellation,
                        <br/><br/>
                        <i>"${ctx['remarks']}"</i>
                        <br/><br/>
                        <a href="${ctx['url']}" style="background-color: #5a3d98; color: white; padding: 5px;">Go to Analysis</a>
                        <br/><br/>
                        Regards,
                        <br/>
                        ${object.mail_server_res_partner_id.name}
                        <br/><br/>
                        SAVVY CORPORATION
                        <br/>
                        When you want to optimise business performance - <strong>THINK SAVVY</strong>
                        <br/><br/>
                        <small>The information contained in this e-mail is intended only for the use of the person(s) to whom
                        it is addressed and may be confidential or contain legally privileged information.
                        If you are not the intended recipient you are hereby notified that any perusal, use,
                        distribution, copying, or disclosure is strictly prohibited. If you have received this e-mail
                        in error, please immediately advise us by return e-mail and delete the email document without making a copy.</small>
                    </p>
                </div>
            </field>
        </record>

        <!-- ACCEPT AND SIGN NDA by ANALYST -->
        <record id="accept_by_analyst_template" model="mail.template">
            <field name="name">Hawk Notification: Send by email</field>
            <field name="model_id" ref="hawk_base.model_hawk_analysis"/>
            <field name="email_from">${object.mail_server_res_partner_id.email_formatted | safe}</field>
            <field name="email_to">${object.team_leader_id.email_formatted | safe}</field>
            <field name="email_cc">${object.tender_manager_id.email_formatted | safe}</field>
            <field name="subject">Task Accepted by Analyst | ${object.name}</field>
            <field name="body_html" type="html">
                <div style="margin: 0px; padding: 0px;">
                    <p style="margin: 0px; padding: 0px; font-size: 13px;">
                        Dear ${object.team_leader_id.name},
                        <br/><br/>
                        Please be informed that ${object.safety_analyst_id.name} accepted the task as an analyst,
                        <br/><br/>
                        for the tenderer title <strong>${object.name}</strong>.
                        <br/><br/>
                        <a href="${ctx['url']}" style="background-color: #5a3d98; color: white; padding: 5px;">Go to Analysis</a>
                        <br/><br/>
                        Regards,
                        <br/>
                        ${object.mail_server_res_partner_id.name}
                        <br/><br/>
                        SAVVY CORPORATION
                        <br/>
                        When you want to optimise business performance - <strong>THINK SAVVY</strong>
                        <br/><br/>
                        <small>The information contained in this e-mail is intended only for the use of the person(s) to whom
                        it is addressed and may be confidential or contain legally privileged information.
                        If you are not the intended recipient you are hereby notified that any perusal, use,
                        distribution, copying, or disclosure is strictly prohibited. If you have received this e-mail
                        in error, please immediately advise us by return e-mail and delete the email document without making a copy.</small>
                    </p>
                </div>
            </field>
        </record>

        <!-- START SAFETY QUESTIONNARE -->
        <record id="start_safety_questionnare_template" model="mail.template">
            <field name="name">Hawk Notification: Send by email</field>
            <field name="model_id" ref="hawk_base.model_hawk_analysis"/>
            <field name="email_from">${object.mail_server_res_partner_id.email_formatted | safe}</field>
            <field name="email_to">${object.team_leader_id.email_formatted | safe}</field>
            <field name="email_cc">${object.tender_manager_id.email_formatted | safe}</field>
            <field name="subject">Start Safety Questionnaire | ${object.name}</field>
            <field name="body_html" type="html">
                <div style="margin: 0px; padding: 0px;">
                    <p style="margin: 0px; padding: 0px; font-size: 13px;">
                        Dear ${object.team_leader_id.name},
                        <br/><br/>
                        Please be informed that ${object.safety_analyst_id.name} started answering the Safety Questionnaire,
                        <br/><br/>
                        for the tenderer title <strong>${object.name}</strong>.
                        <br/><br/>
                        <a href="${ctx['url']}" style="background-color: #5a3d98; color: white; padding: 5px;">Go to Analysis</a>
                        <br/><br/>
                        Regards,
                        <br/>
                        ${object.mail_server_res_partner_id.name}
                        <br/><br/>
                        SAVVY CORPORATION
                        <br/>
                        When you want to optimise business performance - <strong>THINK SAVVY</strong>
                        <br/><br/>
                        <small>The information contained in this e-mail is intended only for the use of the person(s) to whom
                        it is addressed and may be confidential or contain legally privileged information.
                        If you are not the intended recipient you are hereby notified that any perusal, use,
                        distribution, copying, or disclosure is strictly prohibited. If you have received this e-mail
                        in error, please immediately advise us by return e-mail and delete the email document without making a copy.</small>
                    </p>
                </div>
            </field>
        </record>

        <!-- DONE SAFETY QUESTIONNARE -->
        <record id="done_safety_questionnare_template" model="mail.template">
            <field name="name">Hawk Notification: Send by email</field>
            <field name="model_id" ref="hawk_base.model_hawk_analysis"/>
            <field name="email_from">${object.mail_server_res_partner_id.email_formatted | safe}</field>
            <field name="email_to">${object.team_leader_id.email_formatted | safe}</field>
            <field name="email_cc">${object.tender_manager_id.email_formatted | safe}</field>
            <field name="subject">Done Safety Questionnaire | ${object.name}</field>
            <field name="body_html" type="html">
                <div style="margin: 0px; padding: 0px;">
                    <p style="margin: 0px; padding: 0px; font-size: 13px;">
                        Dear ${object.team_leader_id.name},
                        <br/><br/>
                        Please be informed that ${object.safety_analyst_id.name} is done answering the Safety Questionnaire,
                        <br/><br/>
                        for the tenderer title <strong>${object.name}</strong>.
                        <br/><br/>
                        <a href="${ctx['url']}" style="background-color: #5a3d98; color: white; padding: 5px;">Go to Analysis</a>
                        <br/><br/>
                        Regards,
                        <br/>
                        ${object.mail_server_res_partner_id.name}
                        <br/><br/>
                        SAVVY CORPORATION
                        <br/>
                        When you want to optimise business performance - <strong>THINK SAVVY</strong>
                        <br/><br/>
                        <small>The information contained in this e-mail is intended only for the use of the person(s) to whom
                        it is addressed and may be confidential or contain legally privileged information.
                        If you are not the intended recipient you are hereby notified that any perusal, use,
                        distribution, copying, or disclosure is strictly prohibited. If you have received this e-mail
                        in error, please immediately advise us by return e-mail and delete the email document without making a copy.</small>
                    </p>
                </div>
            </field>
        </record>

        <!-- SUBMIT SAFETY QUESTIONNARE -->
        <record id="submit_safety_questionnare_template" model="mail.template">
            <field name="name">Hawk Notification: Send by email</field>
            <field name="model_id" ref="hawk_base.model_hawk_analysis"/>
            <field name="email_from">${object.mail_server_res_partner_id.email_formatted | safe}</field>
            <field name="email_to">${object.team_leader_id.email_formatted | safe}</field>
            <field name="email_cc">${object.tender_manager_id.email_formatted | safe}</field>
            <field name="subject">Submit Safety Questionnaire | ${object.name}</field>
            <field name="body_html" type="html">
                <div style="margin: 0px; padding: 0px;">
                    <p style="margin: 0px; padding: 0px; font-size: 13px;">
                        Dear ${object.team_leader_id.name},
                        <br/><br/>
                        Please be informed that ${object.safety_analyst_id.name} submitted the result of the Safety Questionnaire,
                        <br/><br/>
                        which will be used to generate the report for the tenderer title <strong>${object.name}</strong>.
                        <br/><br/>
                        <a href="${ctx['url']}" style="background-color: #5a3d98; color: white; padding: 5px;">Go to Analysis</a>
                        <br/><br/>
                        Regards,
                        <br/>
                        ${object.mail_server_res_partner_id.name}
                        <br/><br/>
                        SAVVY CORPORATION
                        <br/>
                        When you want to optimise business performance - <strong>THINK SAVVY</strong>
                        <br/><br/>
                        <small>The information contained in this e-mail is intended only for the use of the person(s) to whom
                        it is addressed and may be confidential or contain legally privileged information.
                        If you are not the intended recipient you are hereby notified that any perusal, use,
                        distribution, copying, or disclosure is strictly prohibited. If you have received this e-mail
                        in error, please immediately advise us by return e-mail and delete the email document without making a copy.</small>
                    </p>
                </div>
            </field>
        </record>

        <!-- GENERATE REPORT -->
        <record id="generate_report_by_analyst_template" model="mail.template">
            <field name="name">Hawk Notification: Send by email</field>
            <field name="model_id" ref="hawk_base.model_hawk_analysis"/>
            <field name="email_from">${object.mail_server_res_partner_id.email_formatted | safe}</field>
            <field name="email_to">${object.team_leader_id.email_formatted | safe}</field>
            <field name="email_cc">${object.tender_manager_id.email_formatted | safe}</field>
            <field name="subject">Report Generated | ${object.name}</field>
            <field name="body_html" type="html">
                <div style="margin: 0px; padding: 0px;">
                    <p style="margin: 0px; padding: 0px; font-size: 13px;">
                        Dear ${object.team_leader_id.name},
                        <br/><br/>
                        Please be informed that ${object.safety_analyst_id.name} generated the report
                        <br/><br/>
                        for the tenderer title <strong>${object.name}</strong>.
                        <br/><br/>
                        <a href="${ctx['url']}" style="background-color: #5a3d98; color: white; padding: 5px;">Go to Analysis</a>
                        <br/><br/>
                        Regards,
                        <br/>
                        ${object.mail_server_res_partner_id.name}
                        <br/><br/>
                        SAVVY CORPORATION
                        <br/>
                        When you want to optimise business performance - <strong>THINK SAVVY</strong>
                        <br/><br/>
                        <small>The information contained in this e-mail is intended only for the use of the person(s) to whom
                        it is addressed and may be confidential or contain legally privileged information.
                        If you are not the intended recipient you are hereby notified that any perusal, use,
                        distribution, copying, or disclosure is strictly prohibited. If you have received this e-mail
                        in error, please immediately advise us by return e-mail and delete the email document without making a copy.</small>
                    </p>
                </div>
            </field>
        </record>

        <!-- GENERATE REPORT BY TL -->
        <record id="generate_report_by_tl_template" model="mail.template">
            <field name="name">Hawk Notification: Send by email</field>
            <field name="model_id" ref="hawk_base.model_hawk_analysis"/>
            <field name="email_from">${object.mail_server_res_partner_id.email_formatted | safe}</field>
            <field name="email_to">${object.tender_manager_id.email_formatted | safe}</field>
            <field name="email_cc">${object.team_leader_id.email_formatted | safe}, ${object.safety_analyst_id.email_formatted | safe}</field>
            <field name="subject">Report Generated | ${object.name}</field>
            <field name="body_html" type="html">
                <div style="margin: 0px; padding: 0px;">
                    <p style="margin: 0px; padding: 0px; font-size: 13px;">
                        Dear ${object.tender_manager_id.name},
                        <br/><br/>
                        Please be informed that ${object.team_leader_id.name} generated a new version of the report
                        <br/><br/>
                        for the tenderer title <strong>${object.name}</strong>.
                        <br/><br/>
                        <a href="${ctx['url']}" style="background-color: #5a3d98; color: white; padding: 5px;">Go to Analysis</a>
                        <br/><br/>
                        Regards,
                        <br/>
                        ${object.mail_server_res_partner_id.name}
                        <br/><br/>
                        SAVVY CORPORATION
                        <br/>
                        When you want to optimise business performance - <strong>THINK SAVVY</strong>
                        <br/><br/>
                        <small>The information contained in this e-mail is intended only for the use of the person(s) to whom
                        it is addressed and may be confidential or contain legally privileged information.
                        If you are not the intended recipient you are hereby notified that any perusal, use,
                        distribution, copying, or disclosure is strictly prohibited. If you have received this e-mail
                        in error, please immediately advise us by return e-mail and delete the email document without making a copy.</small>
                    </p>
                </div>
            </field>
        </record>

        <!-- ASSIGN NEW ANALYST ON STATE REJECT-->
        <record id="assign_new_analyst_template" model="mail.template">
            <field name="name">Hawk Notification: Send by email</field>
            <field name="model_id" ref="hawk_base.model_hawk_analysis"/>
            <field name="email_from">${object.mail_server_res_partner_id.email_formatted | safe}</field>
            <field name="email_to">${object.safety_analyst_id.email_formatted | safe}</field>
            <field name="email_cc">${object.tender_manager_id.email_formatted | safe}, ${object.team_leader_id.email_formatted | safe}</field>
            <field name="subject">New Analyst Role Assignment | ${object.name}</field>
            <field name="body_html" type="html">
                <div style="margin: 0px; padding: 0px;">
                    <p style="margin: 0px; padding: 0px; font-size: 13px;">
                        Dear ${object.safety_analyst_id.name},
                        <br/><br/>
                        Team leader ${object.team_leader_id.name} assigned you as the new analyst
                        <br/><br/>
                        for the tenderer title <strong>${object.name}</strong>.
                        <br/><br/>
                        <a href="${ctx['url']}" style="background-color: #5a3d98; color: white; padding: 5px;">Go to Analysis</a>
                        <br/><br/>
                        Regards,
                        <br/>
                        ${object.mail_server_res_partner_id.name}
                        <br/><br/>
                        SAVVY CORPORATION
                        <br/>
                        When you want to optimise business performance - <strong>THINK SAVVY</strong>
                        <br/><br/>
                        <small>The information contained in this e-mail is intended only for the use of the person(s) to whom
                        it is addressed and may be confidential or contain legally privileged information.
                        If you are not the intended recipient you are hereby notified that any perusal, use,
                        distribution, copying, or disclosure is strictly prohibited. If you have received this e-mail
                        in error, please immediately advise us by return e-mail and delete the email document without making a copy.</small>
                    </p>
                </div>
            </field>
        </record>

        <!-- ASSIGN NEW ANALYST -->
        <record id="assign_new_analyst_template_1" model="mail.template">
            <field name="name">Hawk Notification: Send by email</field>
            <field name="model_id" ref="hawk_base.model_hawk_analysis"/>
            <field name="email_from">${object.mail_server_res_partner_id.email_formatted | safe}</field>
            <field name="email_to">${object.safety_analyst_id.email_formatted | safe}</field>
            <field name="email_cc">${object.tender_manager_id.email_formatted | safe}, ${object.team_leader_id.email_formatted | safe}, ${ctx['old_id'].email_formatted | safe}</field>
            <field name="subject">New Analyst Role Assignment | ${object.name}</field>
            <field name="body_html" type="html">
                <div style="margin: 0px; padding: 0px;">
                    <p style="margin: 0px; padding: 0px; font-size: 13px;">
                        Dear ${object.safety_analyst_id.name},
                        <br/><br/>
                        Team leader ${object.team_leader_id.name} have cancelled the analyst job by ${ctx['old_id'].name}
                        <br/><br/>
                        and reassigned this job to you
                        <br/><br/>
                        for the tenderer title <strong>${object.name}</strong>.
                        <br/><br/>
                        <a href="${ctx['url']}" style="background-color: #5a3d98; color: white; padding: 5px;">Go to Analysis</a>
                        <br/><br/>
                        Regards,
                        <br/>
                        ${object.mail_server_res_partner_id.name}
                        <br/><br/>
                        SAVVY CORPORATION
                        <br/>
                        When you want to optimise business performance - <strong>THINK SAVVY</strong>
                        <br/><br/>
                        <small>The information contained in this e-mail is intended only for the use of the person(s) to whom
                        it is addressed and may be confidential or contain legally privileged information.
                        If you are not the intended recipient you are hereby notified that any perusal, use,
                        distribution, copying, or disclosure is strictly prohibited. If you have received this e-mail
                        in error, please immediately advise us by return e-mail and delete the email document without making a copy.</small>
                    </p>
                </div>
            </field>
        </record>

        <!-- EDIT REPORT BY TL -->
        <record id="edit_report_by_tl_template" model="mail.template">
            <field name="name">Hawk Notification: Send by email</field>
            <field name="model_id" ref="hawk_base.model_hawk_analysis"/>
            <field name="email_from">${object.mail_server_res_partner_id.email_formatted | safe}</field>
            <field name="email_to">${object.safety_analyst_id.email_formatted | safe}</field>
            <field name="email_cc">${object.tender_manager_id.email_formatted | safe}, ${object.team_leader_id.email_formatted | safe}</field>
            <field name="subject">Edit Report by Team Leader | ${object.name}</field>
            <field name="body_html" type="html">
                <div style="margin: 0px; padding: 0px;">
                    <p style="margin: 0px; padding: 0px; font-size: 13px;">
                        Dear ${object.safety_analyst_id.name},
                        <br/><br/>
                        Team leader ${object.team_leader_id.name} edited the report,
                        <br/><br/>
                        please check the latest version on the <i>Reports</i> tab
                        <br/><br/>
                        for the tenderer title <strong>${object.name}</strong>.
                        <br/><br/>
                        <a href="${ctx['url']}" style="background-color: #5a3d98; color: white; padding: 5px;">Go to Analysis</a>
                        <br/><br/>
                        Regards,
                        <br/>
                        ${object.mail_server_res_partner_id.name}
                        <br/><br/>
                        SAVVY CORPORATION
                        <br/>
                        When you want to optimise business performance - <strong>THINK SAVVY</strong>
                        <br/><br/>
                        <small>The information contained in this e-mail is intended only for the use of the person(s) to whom
                        it is addressed and may be confidential or contain legally privileged information.
                        If you are not the intended recipient you are hereby notified that any perusal, use,
                        distribution, copying, or disclosure is strictly prohibited. If you have received this e-mail
                        in error, please immediately advise us by return e-mail and delete the email document without making a copy.</small>
                    </p>
                </div>
            </field>
        </record>


        <!-- SUBMIT TO QA -->
        <record id="submit_to_qa_template" model="mail.template">
            <field name="name">Hawk Notification: Send by email</field>
            <field name="model_id" ref="hawk_base.model_hawk_analysis"/>
            <field name="email_from">${object.mail_server_res_partner_id.email_formatted | safe}</field>
            <field name="email_to">${ctx['qa_id'].email_formatted | safe}</field>
            <field name="email_cc">${object.tender_manager_id.email_formatted | safe}, ${object.team_leader_id.email_formatted | safe}, ${object.safety_analyst_id.email_formatted | safe}</field>
            <field name="subject">Report Submitted To QA | ${object.name}</field>
            <field name="body_html" type="html">
                <div style="margin: 0px; padding: 0px;">
                    <p style="margin: 0px; padding: 0px; font-size: 13px;">
                        Dear ${ctx['qa_id'].name},
                        <br/><br/>
                        Team leader ${object.team_leader_id.name} submitted the report for QA/QC inspection,
                        <br/><br/>
                        please check the latest version on the <i>Reports</i> tab
                        <br/><br/>
                        for the tenderer title <strong>${object.name}</strong>.
                        <br/><br/>
                        <a href="${ctx['url']}" style="background-color: #5a3d98; color: white; padding: 5px;">Go to Analysis</a>
                        <br/><br/>
                        Regards,
                        <br/>
                        ${object.mail_server_res_partner_id.name}
                        <br/><br/>
                        SAVVY CORPORATION
                        <br/>
                        When you want to optimise business performance - <strong>THINK SAVVY</strong>
                        <br/><br/>
                        <small>The information contained in this e-mail is intended only for the use of the person(s) to whom
                        it is addressed and may be confidential or contain legally privileged information.
                        If you are not the intended recipient you are hereby notified that any perusal, use,
                        distribution, copying, or disclosure is strictly prohibited. If you have received this e-mail
                        in error, please immediately advise us by return e-mail and delete the email document without making a copy.</small>
                    </p>
                </div>
            </field>
        </record>

        <!-- RETURN TO TEAM LEADER WITH CC ANALYST -->
        <record id="qa_reject_template" model="mail.template">
            <field name="name">Hawk Notification: Send by email</field>
            <field name="model_id" ref="hawk_base.model_hawk_analysis"/>
            <field name="email_from">${object.mail_server_res_partner_id.email_formatted | safe}</field>
            <field name="email_to">${object.team_leader_id.email_formatted | safe}</field>
            <field name="email_cc">${object.tender_manager_id.email_formatted | safe}, ${object.qa_specialist_id.email_formatted | safe}, ${object.safety_analyst_id.email_formatted | safe}</field>
            <field name="subject">QA Rejects the Report | ${object.name}</field>
            <field name="body_html" type="html">
                <div style="margin: 0px; padding: 0px;">
                    <p style="margin: 0px; padding: 0px; font-size: 13px;">
                        Dear ${object.team_leader_id.name},
                        <br/><br/>
                        QA/QC Specialist ${object.qa_specialist_id.name} returns the report to you for revision
                        <br/><br/>
                        for the tenderer title <strong>${object.name}</strong>.
                        <br/><br/>
                        Please see the remarks below by the QA/QC Specialist.
                        <br/><br/>
                        <i>${ctx['remarks']}</i>
                        <br/><br/>
                        <a href="${ctx['url']}" style="background-color: #5a3d98; color: white; padding: 5px;">Go to Analysis</a>
                        <br/><br/>
                        Regards,
                        <br/>
                        ${object.mail_server_res_partner_id.name}
                        <br/><br/>
                        SAVVY CORPORATION
                        <br/>
                        When you want to optimise business performance - <strong>THINK SAVVY</strong>
                        <br/><br/>
                        <small>The information contained in this e-mail is intended only for the use of the person(s) to whom
                        it is addressed and may be confidential or contain legally privileged information.
                        If you are not the intended recipient you are hereby notified that any perusal, use,
                        distribution, copying, or disclosure is strictly prohibited. If you have received this e-mail
                        in error, please immediately advise us by return e-mail and delete the email document without making a copy.</small>
                    </p>
                </div>
            </field>
        </record>

        <!-- RETURN TO TEAM LEADER W/O CC ANALYST -->
        <record id="qa_reject_1_template" model="mail.template">
            <field name="name">Hawk Notification: Send by email</field>
            <field name="model_id" ref="hawk_base.model_hawk_analysis"/>
            <field name="email_from">${object.mail_server_res_partner_id.email_formatted | safe}</field>
            <field name="email_to">${object.team_leader_id.email_formatted | safe}</field>
            <field name="email_cc">${object.tender_manager_id.email_formatted | safe}, ${object.qa_specialist_id.email_formatted | safe}</field>
            <field name="subject">QA Rejects the Report | ${object.name}</field>
            <field name="body_html" type="html">
                <div style="margin: 0px; padding: 0px;">
                    <p style="margin: 0px; padding: 0px; font-size: 13px;">
                        Dear ${object.team_leader_id.name},
                        <br/><br/>
                        QA/QC Specialist ${object.qa_specialist_id.name} returns the report to you for revision
                        <br/><br/>
                        for the tenderer title <strong>${object.name}</strong>.
                        <br/><br/>
                        Please see the remarks below by the QA/QC Specialist.
                        <br/><br/>
                        <i>${ctx['remarks']}</i>
                        <br/><br/>
                        <a href="${ctx['url']}" style="background-color: #5a3d98; color: white; padding: 5px;">Go to Analysis</a>
                        <br/><br/>
                        Regards,
                        <br/>
                        ${object.mail_server_res_partner_id.name}
                        <br/><br/>
                        SAVVY CORPORATION
                        <br/>
                        When you want to optimise business performance - <strong>THINK SAVVY</strong>
                        <br/><br/>
                        <small>The information contained in this e-mail is intended only for the use of the person(s) to whom
                        it is addressed and may be confidential or contain legally privileged information.
                        If you are not the intended recipient you are hereby notified that any perusal, use,
                        distribution, copying, or disclosure is strictly prohibited. If you have received this e-mail
                        in error, please immediately advise us by return e-mail and delete the email document without making a copy.</small>
                    </p>
                </div>
            </field>
        </record>

        <!-- SEND TO MANAGER -->
        <record id="qa_pass_template" model="mail.template">
            <field name="name">Hawk Notification: Send by email</field>
            <field name="model_id" ref="hawk_base.model_hawk_analysis"/>
            <field name="email_from">${object.mail_server_res_partner_id.email_formatted | safe}</field>
            <field name="email_to">${object.tender_manager_id.email_formatted | safe}</field>
            <field name="email_cc">${object.team_leader_id.email_formatted | safe}, ${object.qa_specialist_id.email_formatted | safe}, ${object.safety_analyst_id.email_formatted | safe}</field>
            <field name="subject">QA Passed the Report | ${object.name}</field>
            <field name="body_html" type="html">
                <div style="margin: 0px; padding: 0px;">
                    <p style="margin: 0px; padding: 0px; font-size: 13px;">
                        Dear ${object.tender_manager_id.name},
                        <br/><br/>
                        QA/QC Specialist ${object.qa_specialist_id.name} passed the report
                        <br/><br/>
                        for the tenderer title <strong>${object.name}</strong>.
                        <br/><br/>
                        Please see the remarks below by the QA/QC Specialist.
                        <br/><br/>
                        <i>${ctx['remarks']}</i>
                        <br/><br/>
                        <a href="${ctx['url']}" style="background-color: #5a3d98; color: white; padding: 5px;">Go to Analysis</a>
                        <br/><br/>
                        Regards,
                        <br/>
                        ${object.mail_server_res_partner_id.name}
                        <br/><br/>
                        SAVVY CORPORATION
                        <br/>
                        When you want to optimise business performance - <strong>THINK SAVVY</strong>
                        <br/><br/>
                        <small>The information contained in this e-mail is intended only for the use of the person(s) to whom
                        it is addressed and may be confidential or contain legally privileged information.
                        If you are not the intended recipient you are hereby notified that any perusal, use,
                        distribution, copying, or disclosure is strictly prohibited. If you have received this e-mail
                        in error, please immediately advise us by return e-mail and delete the email document without making a copy.</small>
                    </p>
                </div>
            </field>
        </record>

        <!-- PROCEED TO CONCIERGE -->
        <record id="proceed_to_crm_template" model="mail.template">
            <field name="name">Hawk Notification: Send by email</field>
            <field name="model_id" ref="hawk_base.model_hawk_analysis"/>
            <field name="email_from">${object.mail_server_res_partner_id.email_formatted | safe}</field>
            <field name="email_to">${object.crm_id.email_formatted | safe}</field>
            <field name="email_cc">
                ${object.tender_manager_id.email_formatted | safe},
                ${object.team_leader_id.email_formatted | safe},
                ${object.qa_specialist_id.email_formatted | safe},
                ${object.safety_analyst_id.email_formatted | safe}</field>
            <field name="subject">Report Sent to Concierge | ${object.name}</field>
            <field name="body_html" type="html">
                <div style="margin: 0px; padding: 0px;">
                    <p style="margin: 0px; padding: 0px; font-size: 13px;">
                        Dear ${object.crm_id.name},
                        <br/><br/>
                        Tender Manager ${object.tender_manager_id.name} passed the report to you
                        <br/><br/>
                        for the tenderer title <strong>${object.name}</strong>.
                        <br/><br/>
                        The report is now ready to send to the client.
                        <br/><br/>
                        <a href="${ctx['url']}" style="background-color: #5a3d98; color: white; padding: 5px;">Go to Analysis</a>
                        <br/><br/>
                        Regards,
                        <br/>
                        ${object.mail_server_res_partner_id.name}
                        <br/><br/>
                        SAVVY CORPORATION
                        <br/>
                        When you want to optimise business performance - <strong>THINK SAVVY</strong>
                        <br/><br/>
                        <small>The information contained in this e-mail is intended only for the use of the person(s) to whom
                        it is addressed and may be confidential or contain legally privileged information.
                        If you are not the intended recipient you are hereby notified that any perusal, use,
                        distribution, copying, or disclosure is strictly prohibited. If you have received this e-mail
                        in error, please immediately advise us by return e-mail and delete the email document without making a copy.</small>
                    </p>
                </div>
            </field>
        </record>

        <!-- SEND REPORT TO CLIENT -->
        <record id="send_to_client_template" model="mail.template">
            <field name="name">Hawk Notification: Send by email</field>
            <field name="model_id" ref="hawk_base.model_hawk_analysis"/>
            <field name="email_from">${object.mail_server_res_partner_id.email_formatted | safe}</field>
            <field name="email_to">${object.tender_manager_id.email_formatted | safe}</field>
            <field name="email_cc">
                ${object.crm_id.email_formatted | safe},
                ${object.team_leader_id.email_formatted | safe},
                ${object.qa_specialist_id.email_formatted | safe},
                ${object.safety_analyst_id.email_formatted | safe}</field>
            <field name="subject">Report Sent to Client | ${object.name}</field>
            <field name="body_html" type="html">
                <div style="margin: 0px; padding: 0px;">
                    <p style="margin: 0px; padding: 0px; font-size: 13px;">
                        Dear ${object.tender_manager_id.name},
                        <br/><br/>
                        Concierge ${object.crm_id.name} sent the report
                        <br/><br/>
                        with tenderer title <strong>${object.name}</strong> to the client.
                        <br/><br/>
                        The task is now completed. Good job everyone!
                        <br/><br/>
                        <a href="${ctx['url']}" style="background-color: #5a3d98; color: white; padding: 5px;">Go to Analysis</a>
                        <br/><br/>
                        Regards,
                        <br/>
                        ${object.mail_server_res_partner_id.name}
                        <br/><br/>
                        SAVVY CORPORATION
                        <br/>
                        When you want to optimise business performance - <strong>THINK SAVVY</strong>
                        <br/><br/>
                        <small>The information contained in this e-mail is intended only for the use of the person(s) to whom
                        it is addressed and may be confidential or contain legally privileged information.
                        If you are not the intended recipient you are hereby notified that any perusal, use,
                        distribution, copying, or disclosure is strictly prohibited. If you have received this e-mail
                        in error, please immediately advise us by return e-mail and delete the email document without making a copy.</small>
                    </p>
                </div>
            </field>
        </record>

    </data>
</odoo>
