<?xml version="1.0" encoding="utf-8"?>
<odoo>
    <data noupdate="1">
        <!--        WEIGHTS-->
        <record id="hawk_web.weight1" model="hawk.analysis.coeff">
            <field name="category_id" ref="hawk_survey.category_1"/>
            <field name="weight">1</field>
        </record>
        <record id="hawk_web.weight2" model="hawk.analysis.coeff">
            <field name="category_id" ref="hawk_survey.category_2"/>
            <field name="weight">3</field>
        </record>
        <record id="hawk_web.weight3" model="hawk.analysis.coeff">
            <field name="category_id" ref="hawk_survey.category_3"/>
            <field name="weight">2</field>
        </record>
        <record id="hawk_web.weight4" model="hawk.analysis.coeff">
            <field name="category_id" ref="hawk_survey.category_4"/>
            <field name="weight">1</field>
        </record>
        <record id="hawk_web.weight5" model="hawk.analysis.coeff">
            <field name="category_id" ref="hawk_survey.category_5"/>
            <field name="weight">2</field>
        </record>
        <record id="hawk_web.weight6" model="hawk.analysis.coeff">
            <field name="category_id" ref="hawk_survey.category_6"/>
            <field name="weight">3</field>
        </record>
        <record id="hawk_web.weight7" model="hawk.analysis.coeff">
            <field name="category_id" ref="hawk_survey.category_7"/>
            <field name="weight">2</field>
        </record>
        <record id="hawk_web.weight8" model="hawk.analysis.coeff">
            <field name="category_id" ref="hawk_survey.category_1"/>
            <field name="weight">1</field>
        </record>
        <record id="hawk_web.weight9" model="hawk.analysis.coeff">
            <field name="category_id" ref="hawk_survey.category_2"/>
            <field name="weight">2</field>
        </record>
        <record id="hawk_web.weight10" model="hawk.analysis.coeff">
            <field name="category_id" ref="hawk_survey.category_3"/>
            <field name="weight">2</field>
        </record>
        <record id="hawk_web.weight11" model="hawk.analysis.coeff">
            <field name="category_id" ref="hawk_survey.category_4"/>
            <field name="weight">3</field>
        </record>
        <record id="hawk_web.weight12" model="hawk.analysis.coeff">
            <field name="category_id" ref="hawk_survey.category_5"/>
            <field name="weight">1</field>
        </record>
        <record id="hawk_web.weight13" model="hawk.analysis.coeff">
            <field name="category_id" ref="hawk_survey.category_6"/>
            <field name="weight">3</field>
        </record>
        <record id="hawk_web.weight14" model="hawk.analysis.coeff">
            <field name="category_id" ref="hawk_survey.category_7"/>
            <field name="weight">1</field>
        </record>
        <record id="hawk_web.weight15" model="hawk.analysis.coeff">
            <field name="category_id" ref="hawk_survey.category_1"/>
            <field name="weight">2</field>
        </record>
        <record id="hawk_web.weight16" model="hawk.analysis.coeff">
            <field name="category_id" ref="hawk_survey.category_2"/>
            <field name="weight">3</field>
        </record>
        <record id="hawk_web.weight17" model="hawk.analysis.coeff">
            <field name="category_id" ref="hawk_survey.category_3"/>
            <field name="weight">2</field>
        </record>
        <record id="hawk_web.weight18" model="hawk.analysis.coeff">
            <field name="category_id" ref="hawk_survey.category_4"/>
            <field name="weight">1</field>
        </record>
        <record id="hawk_web.weight19" model="hawk.analysis.coeff">
            <field name="category_id" ref="hawk_survey.category_5"/>
            <field name="weight">2</field>
        </record>
        <record id="hawk_web.weight20" model="hawk.analysis.coeff">
            <field name="category_id" ref="hawk_survey.category_6"/>
            <field name="weight">3</field>
        </record>
        <record id="hawk_web.weight21" model="hawk.analysis.coeff">
            <field name="category_id" ref="hawk_survey.category_7"/>
            <field name="weight">2</field>
        </record>
        <record id="hawk_web.weight22" model="hawk.analysis.coeff">
            <field name="category_id" ref="hawk_survey.category_1"/>
            <field name="weight">1</field>
        </record>
        <record id="hawk_web.weight23" model="hawk.analysis.coeff">
            <field name="category_id" ref="hawk_survey.category_2"/>
            <field name="weight">3</field>
        </record>
        <record id="hawk_web.weight24" model="hawk.analysis.coeff">
            <field name="category_id" ref="hawk_survey.category_3"/>
            <field name="weight">2</field>
        </record>
        <record id="hawk_web.weight25" model="hawk.analysis.coeff">
            <field name="category_id" ref="hawk_survey.category_4"/>
            <field name="weight">1</field>
        </record>
        <record id="hawk_web.weight26" model="hawk.analysis.coeff">
            <field name="category_id" ref="hawk_survey.category_5"/>
            <field name="weight">2</field>
        </record>
        <record id="hawk_web.weight27" model="hawk.analysis.coeff">
            <field name="category_id" ref="hawk_survey.category_6"/>
            <field name="weight">3</field>
        </record>
        <record id="hawk_web.weight28" model="hawk.analysis.coeff">
            <field name="category_id" ref="hawk_survey.category_7"/>
            <field name="weight">2</field>
        </record>
        <record id="hawk_web.weight29" model="hawk.analysis.coeff">
            <field name="category_id" ref="hawk_survey.category_1"/>
            <field name="weight">1</field>
        </record>
        <record id="hawk_web.weight30" model="hawk.analysis.coeff">
            <field name="category_id" ref="hawk_survey.category_2"/>
            <field name="weight">2</field>
        </record>
        <record id="hawk_web.weight31" model="hawk.analysis.coeff">
            <field name="category_id" ref="hawk_survey.category_3"/>
            <field name="weight">2</field>
        </record>
        <record id="hawk_web.weight32" model="hawk.analysis.coeff">
            <field name="category_id" ref="hawk_survey.category_4"/>
            <field name="weight">3</field>
        </record>
        <record id="hawk_web.weight33" model="hawk.analysis.coeff">
            <field name="category_id" ref="hawk_survey.category_5"/>
            <field name="weight">1</field>
        </record>
        <record id="hawk_web.weight34" model="hawk.analysis.coeff">
            <field name="category_id" ref="hawk_survey.category_6"/>
            <field name="weight">3</field>
        </record>
        <record id="hawk_web.weight35" model="hawk.analysis.coeff">
            <field name="category_id" ref="hawk_survey.category_7"/>
            <field name="weight">1</field>
        </record>
        <record id="hawk_web.weight36" model="hawk.analysis.coeff">
            <field name="category_id" ref="hawk_survey.category_1"/>
            <field name="weight">2</field>
        </record>
        <record id="hawk_web.weight37" model="hawk.analysis.coeff">
            <field name="category_id" ref="hawk_survey.category_2"/>
            <field name="weight">3</field>
        </record>
        <record id="hawk_web.weight38" model="hawk.analysis.coeff">
            <field name="category_id" ref="hawk_survey.category_3"/>
            <field name="weight">2</field>
        </record>
        <record id="hawk_web.weight39" model="hawk.analysis.coeff">
            <field name="category_id" ref="hawk_survey.category_4"/>
            <field name="weight">1</field>
        </record>
        <record id="hawk_web.weight40" model="hawk.analysis.coeff">
            <field name="category_id" ref="hawk_survey.category_5"/>
            <field name="weight">2</field>
        </record>
        <record id="hawk_web.weight41" model="hawk.analysis.coeff">
            <field name="category_id" ref="hawk_survey.category_6"/>
            <field name="weight">3</field>
        </record>
        <record id="hawk_web.weight42" model="hawk.analysis.coeff">
            <field name="category_id" ref="hawk_survey.category_7"/>
            <field name="weight">2</field>
        </record>
        <record id="hawk_web.weight43" model="hawk.analysis.coeff">
            <field name="category_id" ref="hawk_survey.category_1"/>
            <field name="weight">1</field>
        </record>
        <record id="hawk_web.weight44" model="hawk.analysis.coeff">
            <field name="category_id" ref="hawk_survey.category_2"/>
            <field name="weight">3</field>
        </record>
        <record id="hawk_web.weight45" model="hawk.analysis.coeff">
            <field name="category_id" ref="hawk_survey.category_3"/>
            <field name="weight">2</field>
        </record>
        <record id="hawk_web.weight46" model="hawk.analysis.coeff">
            <field name="category_id" ref="hawk_survey.category_4"/>
            <field name="weight">1</field>
        </record>
        <record id="hawk_web.weight47" model="hawk.analysis.coeff">
            <field name="category_id" ref="hawk_survey.category_5"/>
            <field name="weight">2</field>
        </record>
        <record id="hawk_web.weight48" model="hawk.analysis.coeff">
            <field name="category_id" ref="hawk_survey.category_6"/>
            <field name="weight">3</field>
        </record>
        <record id="hawk_web.weight49" model="hawk.analysis.coeff">
            <field name="category_id" ref="hawk_survey.category_7"/>
            <field name="weight">2</field>
        </record>
        <record id="hawk_web.weight50" model="hawk.analysis.coeff">
            <field name="category_id" ref="hawk_survey.category_1"/>
            <field name="weight">1</field>
        </record>
        <record id="hawk_web.weight51" model="hawk.analysis.coeff">
            <field name="category_id" ref="hawk_survey.category_2"/>
            <field name="weight">2</field>
        </record>
        <record id="hawk_web.weight52" model="hawk.analysis.coeff">
            <field name="category_id" ref="hawk_survey.category_3"/>
            <field name="weight">2</field>
        </record>
        <record id="hawk_web.weight53" model="hawk.analysis.coeff">
            <field name="category_id" ref="hawk_survey.category_4"/>
            <field name="weight">3</field>
        </record>
        <record id="hawk_web.weight54" model="hawk.analysis.coeff">
            <field name="category_id" ref="hawk_survey.category_5"/>
            <field name="weight">1</field>
        </record>
        <record id="hawk_web.weight55" model="hawk.analysis.coeff">
            <field name="category_id" ref="hawk_survey.category_6"/>
            <field name="weight">3</field>
        </record>
        <record id="hawk_web.weight56" model="hawk.analysis.coeff">
            <field name="category_id" ref="hawk_survey.category_7"/>
            <field name="weight">1</field>
        </record>
        <record id="hawk_web.weight57" model="hawk.analysis.coeff">
            <field name="category_id" ref="hawk_survey.category_1"/>
            <field name="weight">2</field>
        </record>
        <record id="hawk_web.weight58" model="hawk.analysis.coeff">
            <field name="category_id" ref="hawk_survey.category_2"/>
            <field name="weight">3</field>
        </record>
        <record id="hawk_web.weight59" model="hawk.analysis.coeff">
            <field name="category_id" ref="hawk_survey.category_3"/>
            <field name="weight">2</field>
        </record>
        <record id="hawk_web.weight60" model="hawk.analysis.coeff">
            <field name="category_id" ref="hawk_survey.category_4"/>
            <field name="weight">1</field>
        </record>
        <record id="hawk_web.weight61" model="hawk.analysis.coeff">
            <field name="category_id" ref="hawk_survey.category_5"/>
            <field name="weight">2</field>
        </record>
        <record id="hawk_web.weight62" model="hawk.analysis.coeff">
            <field name="category_id" ref="hawk_survey.category_6"/>
            <field name="weight">3</field>
        </record>
        <record id="hawk_web.weight63" model="hawk.analysis.coeff">
            <field name="category_id" ref="hawk_survey.category_7"/>
            <field name="weight">2</field>
        </record>

        <!--        ANALYSES-->
        <record id="hawk_web.analysis1" model="hawk.analysis">
            <field name="name"> JAXA - Safety Analysis</field>
            <field name="analysis_type_id" ref="hawk_base.analysis_type1"/>
            <field name="is_demo" eval="True"/>
            <field name="weight_ids" eval="[(4, ref('hawk_web.weight1')),
            (4, ref('hawk_web.weight2')),
            (4, ref('hawk_web.weight3')),
            (4, ref('hawk_web.weight4')),
            (4, ref('hawk_web.weight5')),
            (4, ref('hawk_web.weight6')),
            (4, ref('hawk_web.weight7')),]"/>
        </record>
        <record id="hawk_web.analysis2" model="hawk.analysis">
            <field name="name"> Daikin - Safety Analysis</field>
            <field name="analysis_type_id" ref="hawk_base.analysis_type1"/>
            <field name="is_demo" eval="True"/>
            <field name="weight_ids" eval="[(4, ref('hawk_web.weight8')),
            (4, ref('hawk_web.weight9')),
            (4, ref('hawk_web.weight10')),
            (4, ref('hawk_web.weight11')),
            (4, ref('hawk_web.weight12')),
            (4, ref('hawk_web.weight13')),
            (4, ref('hawk_web.weight14')),]"/>
        </record>
        <record id="hawk_web.analysis3" model="hawk.analysis">
            <field name="name"> QuTech - Safety Analysis</field>
            <field name="analysis_type_id" ref="hawk_base.analysis_type1"/>
            <field name="is_demo" eval="True"/>
            <field name="weight_ids" eval="[(4, ref('hawk_web.weight15')),
            (4, ref('hawk_web.weight16')),
            (4, ref('hawk_web.weight17')),
            (4, ref('hawk_web.weight18')),
            (4, ref('hawk_web.weight19')),
            (4, ref('hawk_web.weight20')),
            (4, ref('hawk_web.weight21')),]"/>
        </record>

        <record id="hawk_web.analysis4" model="hawk.analysis">
            <field name="name"> JAXA - Safety Analysis</field>
            <field name="analysis_type_id" ref="hawk_base.analysis_type1"/>
            <field name="is_demo" eval="True"/>
            <field name="weight_ids" eval="[(4, ref('hawk_web.weight22')),
            (4, ref('hawk_web.weight23')),
            (4, ref('hawk_web.weight24')),
            (4, ref('hawk_web.weight25')),
            (4, ref('hawk_web.weight26')),
            (4, ref('hawk_web.weight27')),
            (4, ref('hawk_web.weight28')),]"/>
        </record>
        <record id="hawk_web.analysis5" model="hawk.analysis">
            <field name="name"> Daikin - Safety Analysis</field>
            <field name="analysis_type_id" ref="hawk_base.analysis_type1"/>
            <field name="is_demo" eval="True"/>
            <field name="weight_ids" eval="[(4, ref('hawk_web.weight29')),
            (4, ref('hawk_web.weight30')),
            (4, ref('hawk_web.weight31')),
            (4, ref('hawk_web.weight32')),
            (4, ref('hawk_web.weight33')),
            (4, ref('hawk_web.weight34')),
            (4, ref('hawk_web.weight35')),]"/>
        </record>
        <record id="hawk_web.analysis6" model="hawk.analysis">
            <field name="name"> QuTech - Safety Analysis</field>
            <field name="analysis_type_id" ref="hawk_base.analysis_type1"/>
            <field name="is_demo" eval="True"/>
            <field name="weight_ids" eval="[(4, ref('hawk_web.weight36')),
            (4, ref('hawk_web.weight37')),
            (4, ref('hawk_web.weight38')),
            (4, ref('hawk_web.weight39')),
            (4, ref('hawk_web.weight40')),
            (4, ref('hawk_web.weight41')),
            (4, ref('hawk_web.weight42')),]"/>
        </record>

        <record id="hawk_web.analysis7" model="hawk.analysis">
            <field name="name"> JAXA - Safety Analysis</field>
            <field name="analysis_type_id" ref="hawk_base.analysis_type1"/>
            <field name="is_demo" eval="True"/>
            <field name="weight_ids" eval="[(4, ref('hawk_web.weight43')),
            (4, ref('hawk_web.weight44')),
            (4, ref('hawk_web.weight45')),
            (4, ref('hawk_web.weight46')),
            (4, ref('hawk_web.weight47')),
            (4, ref('hawk_web.weight48')),
            (4, ref('hawk_web.weight49')),]"/>
        </record>
        <record id="hawk_web.analysis8" model="hawk.analysis">
            <field name="name"> Daikin - Safety Analysis</field>
            <field name="analysis_type_id" ref="hawk_base.analysis_type1"/>
            <field name="is_demo" eval="True"/>
            <field name="weight_ids" eval="[(4, ref('hawk_web.weight50')),
            (4, ref('hawk_web.weight51')),
            (4, ref('hawk_web.weight52')),
            (4, ref('hawk_web.weight53')),
            (4, ref('hawk_web.weight54')),
            (4, ref('hawk_web.weight55')),
            (4, ref('hawk_web.weight56')),]"/>
        </record>
        <record id="hawk_web.analysis9" model="hawk.analysis">
            <field name="name"> QuTech - Safety Analysis</field>
            <field name="analysis_type_id" ref="hawk_base.analysis_type1"/>
            <field name="is_demo" eval="True"/>
            <field name="weight_ids" eval="[(4, ref('hawk_web.weight57')),
            (4, ref('hawk_web.weight58')),
            (4, ref('hawk_web.weight59')),
            (4, ref('hawk_web.weight60')),
            (4, ref('hawk_web.weight61')),
            (4, ref('hawk_web.weight62')),
            (4, ref('hawk_web.weight63')),]"/>
        </record>

        <!--        CLIENT PARTNER-->
        <record id="hawk_web.partner_weathernews" model="res.partner">
            <field name="name">Weathernews Inc.</field>
            <field name="company_id" eval="None"/>
            <field name="is_company" eval="True"/>
            <field name="city">Chiba City</field>
            <field name="zip">8324</field>
            <field name="state_id" ref="base.state_jp_jp-12"/>
            <field name="country_id" ref="base.jp"/>
            <field name="email">admin@global.weathernews.com</field>
            <field name="website">https://global.weathernews.com/</field>
        </record>

        <!--        COMPANIES-->
        <record id="hawk_web.weathernews" model="res.company">
            <field name="name">Weathernews Inc.</field>
            <field name="partner_id" ref="hawk_web.partner_weathernews"/>
            <field name="currency_id" ref="base.JPY"/>
            <field name="city">Chiba City</field>
            <field name="zip">8324</field>
            <field name="state_id" ref="base.state_jp_jp-12"/>
            <field name="country_id" ref="base.jp"/>
            <field name="email">admin@global.weathernews.com</field>
            <field name="website">https://global.weathernews.com/</field>
        </record>
        <record id="hawk_web.jaxa" model="res.company">
            <field name="name">Japan Aerospace Exploration Agency</field>
            <field name="currency_id" ref="base.JPY"/>
            <field name="city">Chofu City</field>
            <field name="zip">8332</field>
            <field name="state_id" ref="base.state_jp_jp-13"/>
            <field name="country_id" ref="base.jp"/>
            <field name="email">admin@global.jaxa.jp</field>
            <field name="website">https://global.jaxa.jp/</field>
        </record>
        <record id="hawk_web.daikin" model="res.company">
            <field name="name">Daikin Industries, Ltd.</field>
            <field name="currency_id" ref="base.JPY"/>
            <field name="street">Umeda Center Bldg., 2-4-12, Nakazaki-ishi</field>
            <field name="street2">Kita Ward</field>
            <field name="city">Osaka City</field>
            <field name="zip">8323</field>
            <field name="state_id" ref="base.state_jp_jp-27"/>
            <field name="country_id" ref="base.jp"/>
            <field name="phone">+29 426 800</field>
            <field name="email">admin@daikin.com</field>
            <field name="website">https://www.daikin.com/</field>
        </record>
        <record id="hawk_web.qutech" model="res.company">
            <field name="name">QuTech</field>
            <field name="currency_id" ref="base.EUR"/>
            <field name="street">Lorentzweg 1</field>
            <field name="street2">CJ</field>
            <field name="city">Delft</field>
            <field name="zip">2628</field>
            <field name="state_id" ref="base.state_nl_zh"/>
            <field name="country_id" ref="base.nl"/>
            <field name="phone">+31 15 278 6133</field>
            <field name="email">admin@qutech.nl</field>
            <field name="website">https://qutech.nl/</field>
        </record>

        <!--        CONTACT-->
        <record id="contact1" model="res.partner">
            <field name="name">Ishida Mitsunari</field>
            <field name="phone">+29 12 345 678</field>
            <field name="email">staff1@global.weathernews.com</field>
            <field name="function">Employee</field>
            <field name="parent_id" ref="hawk_web.partner_weathernews"/>
        </record>

        <record id="contact2" model="res.partner">
            <field name="name">Date Masamune</field>
            <field name="phone">+29 87 654 321</field>
            <field name="email">staff2@global.weathernews.com</field>
            <field name="function">Employee</field>
            <field name="parent_id" ref="hawk_web.partner_weathernews"/>
        </record>

        <record id="contact3" model="res.partner">
            <field name="name">Ieyasu Tokugawa</field>
            <field name="phone">+29 13 579 113</field>
            <field name="email">staff3@global.weathernews.com</field>
            <field name="function">Employee</field>
            <field name="parent_id" ref="hawk_web.partner_weathernews"/>
        </record>

        <!--        TENDERERS-->
        <record id="hawk_web.tenderer1" model="hawk.tenderer">
            <field name="name">Japan Aerospace Exploration Agency</field>
            <field name="company" ref="hawk_web.jaxa"/>
            <field name="analysis_ids" eval="[(4, ref('hawk_web.analysis1'))]"/>
        </record>

        <record id="hawk_web.tenderer2" model="hawk.tenderer">
            <field name="name">Daikin Industries, Ltd.</field>
            <field name="company" ref="hawk_web.daikin"/>
            <field name="analysis_ids" eval="[(4, ref('hawk_web.analysis2'))]"/>
        </record>

        <record id="hawk_web.tenderer3" model="hawk.tenderer">
            <field name="name">QuTech</field>
            <field name="company" ref="hawk_web.qutech"/>
            <field name="analysis_ids" eval="[(4, ref('hawk_web.analysis3'))]"/>
        </record>

        <record id="hawk_web.tenderer4" model="hawk.tenderer">
            <field name="name">Japan Aerospace Exploration Agency</field>
            <field name="company" ref="hawk_web.jaxa"/>
            <field name="analysis_ids" eval="[(4, ref('hawk_web.analysis4'))]"/>
        </record>

        <record id="hawk_web.tenderer5" model="hawk.tenderer">
            <field name="name">Daikin Industries, Ltd.</field>
            <field name="company" ref="hawk_web.daikin"/>
            <field name="analysis_ids" eval="[(4, ref('hawk_web.analysis5'))]"/>
        </record>

        <record id="hawk_web.tenderer6" model="hawk.tenderer">
            <field name="name">QuTech</field>
            <field name="company" ref="hawk_web.qutech"/>
            <field name="analysis_ids" eval="[(4, ref('hawk_web.analysis6'))]"/>
        </record>

        <record id="hawk_web.tenderer7" model="hawk.tenderer">
            <field name="name">Japan Aerospace Exploration Agency</field>
            <field name="company" ref="hawk_web.jaxa"/>
            <field name="analysis_ids" eval="[(4, ref('hawk_web.analysis7'))]"/>
        </record>

        <record id="hawk_web.tenderer8" model="hawk.tenderer">
            <field name="name">Daikin Industries, Ltd.</field>
            <field name="company" ref="hawk_web.daikin"/>
            <field name="analysis_ids" eval="[(4, ref('hawk_web.analysis8'))]"/>
        </record>

        <record id="hawk_web.tenderer9" model="hawk.tenderer">
            <field name="name">QuTech</field>
            <field name="company" ref="hawk_web.qutech"/>
            <field name="analysis_ids" eval="[(4, ref('hawk_web.analysis9'))]"/>
        </record>

        <!--        TENDERS-->
        <record id="hawk_web.tender1" model="hawk.tender">
            <field name="name">Weather Satellite</field>
            <field name="country_id" ref="base.jp"/>
            <field name="state_id" ref="base.state_jp_jp-12"/>
            <field name="industry">MicroMeteorology</field>
            <field name="tenderer_count">3</field>
            <field name="document_count">1</field>
            <field name="company" ref="hawk_web.weathernews"/>
            <field name="contact_id" ref="hawk_web.contact1"/>
            <field name="tenderer_ids" eval="[(4, ref('hawk_web.tenderer1')),
                                              (4, ref('hawk_web.tenderer2')),
                                              (4, ref('hawk_web.tenderer3'))]"/>
        </record>

        <record id="hawk_web.tender2" model="hawk.tender">
            <field name="name">GPS Satellite</field>
            <field name="country_id" ref="base.jp"/>
            <field name="state_id" ref="base.state_jp_jp-12"/>
            <field name="industry">GeoSpatial-Analytics</field>
            <field name="tenderer_count">3</field>
            <field name="document_count">1</field>
            <field name="company" ref="hawk_web.weathernews"/>
            <field name="contact_id" ref="hawk_web.contact2"/>
            <field name="tenderer_ids" eval="[(4, ref('hawk_web.tenderer4')),
                                              (4, ref('hawk_web.tenderer5')),
                                              (4, ref('hawk_web.tenderer6'))]"/>
        </record>

        <record id="hawk_web.tender3" model="hawk.tender">
            <field name="name">Polar Convection Monitoring Satellite</field>
            <field name="country_id" ref="base.jp"/>
            <field name="state_id" ref="base.state_jp_jp-12"/>
            <field name="industry">Meteorology</field>
            <field name="tenderer_count">3</field>
            <field name="document_count">1</field>
            <field name="company" ref="hawk_web.weathernews"/>
            <field name="contact_id" ref="hawk_web.contact3"/>
            <field name="tenderer_ids" eval="[(4, ref('hawk_web.tenderer7')),
                                              (4, ref('hawk_web.tenderer8')),
                                              (4, ref('hawk_web.tenderer9'))]"/>
        </record>
    </data>
</odoo>