<?xml version="1.0" encoding="utf-8"?>
<odoo>
    <data noupdate="0">

        <function name="inactivate_report_config"
                  model="hawk.analysis.config"/>

        <record id="default_hawk_analysis_config" model="hawk.analysis.config">
            <field name="name">Default Settings</field>
            <field name="template_id" ref="hawk_base.analysis_type1"/>
            <field name="is_active" eval="True"/>
            <field name="is_default" eval="True"/>
        </record>
        <record id="default_context_config_1" model="executive.summary">
            <field name="config_id" ref="default_hawk_analysis_config"/>
            <field name="category_id" ref="hawk_survey.category_1"/>
            <field name="summary" type="html"><p><font class="text-o-color-2" style="font-size: 14px;"><span style="font-weight: bolder;">CONTEXT</span></font></p><p>Our assessment shows the organisation understands the needs and expectations of workers and all interested parties more than the average level. Also, we found the OH&amp;S management system established, implemented, and maintained in the professional method and continual improvement is one of the main considerations for the organisation.</p></field>
            <field name="min_score">6.01</field>
            <field name="max_score">10</field>
        </record>
        <record id="default_context_config_2" model="executive.summary">
            <field name="config_id" ref="default_hawk_analysis_config"/>
            <field name="category_id" ref="hawk_survey.category_1"/>
            <field name="summary" type="html"><h4><span style='font-weight: bolder; color: rgb(124, 101, 118); font-family: "Lucida Grande", Helvetica, Verdana, Arial, sans-serif; font-size: 14px;'>CONTEXT</span><br/></h4><p>Our assessment shows the organisation understands the needs and expectations of workers and all interested parties. Also, we found the OH&amp;S management system established, implemented, and maintained and continual improvement is one of the main considerations for the organisation.</p></field>
            <field name="min_score">3.01</field>
            <field name="max_score">6</field>
        </record>
        <record id="default_context_config_3" model="executive.summary">
            <field name="config_id" ref="default_hawk_analysis_config"/>
            <field name="category_id" ref="hawk_survey.category_1"/>
            <field name="summary" type="html"><h4><span style='font-weight: bolder; color: rgb(124, 101, 118); font-family: "Lucida Grande", Helvetica, Verdana, Arial, sans-serif; font-size: 14px;'>CONTEXT</span><br/></h4><p>Our assessment shows the organisation understands the needs and expectations of workers and all interested parties partially. Also, we found the OH&amp;S management system established, implemented, and maintained to some extent and continual improvement is considered for the organisation in some aspects.</p></field>
            <field name="min_score">0</field>
            <field name="max_score">3</field>
        </record>
        <record id="default_leadership_config_1" model="executive.summary">
            <field name="config_id" ref="default_hawk_analysis_config"/>
            <field name="category_id" ref="hawk_survey.category_2"/>
            <field name="summary" type="html"><h4><span style='font-weight: bolder; color: rgb(124, 101, 118); font-family: "Lucida Grande", Helvetica, Verdana, Arial, sans-serif; font-size: 14px;'>LEADERSHIP</span><br/></h4><p>In the leadership field, the organisation documents demonstrate leadership and commitment concerning the OH&amp;S management system by covering a wide range of leadership aspects. A strong and comprehensive OH&amp;S policy was established and implemented by the management of the organisation in a very effective manner. Organisational roles, responsibilities and authorities are the important factors, which clarified in assessed documents and this is an indication for the attention of the leadership to this topic. In most of the applicable procedures, the consultation and participation of workers were considered. Generally, all evidence reflects the attention of leadership to OH&amp;S.</p></field>
            <field name="min_score">6.01</field>
            <field name="max_score">10</field>
        </record>
        <record id="default_leadership_config_2" model="executive.summary">
            <field name="config_id" ref="default_hawk_analysis_config"/>
            <field name="category_id" ref="hawk_survey.category_2"/>
            <field name="summary" type="html"><h4><span style='font-weight: bolder; color: rgb(124, 101, 118); font-family: "Lucida Grande", Helvetica, Verdana, Arial, sans-serif; font-size: 14px;'>LEADERSHIP</span></h4><p>In the leadership field, the organisation documents demonstrate leadership and commitment concerning the OH&amp;S management system by covering leadership aspects. An OH&amp;S policy was established and implemented by the management of the organisation. Organisational roles, responsibilities and authorities are the important factors, which clarified in assessed documents and this is an indication for the attention of the leadership to this topic. In most of the applicable procedures, the consultation and participation of workers were considered. Generally, all evidence reflects the attention of leadership to OH&amp;S.</p></field>
            <field name="min_score">3.01</field>
            <field name="max_score">6</field>
        </record>
        <record id="default_leadership_config_3" model="executive.summary">
            <field name="config_id" ref="default_hawk_analysis_config"/>
            <field name="category_id" ref="hawk_survey.category_2"/>
            <field name="summary" type="html"><h4><span style='font-weight: bolder; color: rgb(124, 101, 118); font-family: "Lucida Grande", Helvetica, Verdana, Arial, sans-serif; font-size: 14px;'>LEADERSHIP</span></h4><p>In the leadership field, the organisation documents demonstrate leadership and commitment concerning the OH&amp;S management system by covering leadership aspects to some extent. An OH&amp;S policy was established and implemented by the management of the organisation. Organisational roles, responsibilities and authorities are the important factors, which clarified in assessed documents partially and this is an indication of the need for attention of the leadership to this topic. In some of the applicable procedures, the consultation and participation of workers were considered. Generally, all evidence reflects the attention of leadership to OH&amp;S can be improved.</p></field>
            <field name="min_score">0</field>
            <field name="max_score">3</field>
        </record>
        <record id="default_planning_config_1" model="executive.summary">
            <field name="config_id" ref="default_hawk_analysis_config"/>
            <field name="category_id" ref="hawk_survey.category_3"/>
            <field name="summary" type="html"><h4><span style='font-weight: bolder; color: rgb(124, 101, 118); font-family: "Lucida Grande", Helvetica, Verdana, Arial, sans-serif; font-size: 14px;'>PLANNING</span></h4><p>Planning is one the most important processes for establishment or running of any process, regard to the received and assessed documents, the planning for safety processes establishment and running of these processes in different levels of the organisation are considered in the satisfactory level. There is so much evidence in the policy and operational procedures that shows attention to planning. Hazards and risks identification and assessment are mentioned in planning processes. The organisation did not ignore the assessment of opportunities, and legal requirements were considered in planning action. We can see the defined safety objective and the way to reach them undoubtedly.</p><p><br/></p><p><br/></p><p><br/></p></field>
            <field name="min_score">6.01</field>
            <field name="max_score">10</field>
        </record>
        <record id="default_planning_config_2" model="executive.summary">
            <field name="config_id" ref="default_hawk_analysis_config"/>
            <field name="category_id" ref="hawk_survey.category_3"/>
            <field name="summary" type="html"><h4><span style='font-weight: bolder; color: rgb(124, 101, 118); font-family: "Lucida Grande", Helvetica, Verdana, Arial, sans-serif; font-size: 14px;'>PLANNING</span></h4><p>Planning is one the most important processes for establishment or running of any process, regard to the received and assessed documents, the planning for safety processes establishment and running of these processes in different levels of the organisation are considered. There is some evidence in the policy and operational procedures that shows attention to planning. Hazards and risks identification and assessment are mentioned in planning processes. The organisation did not ignore the assessment of opportunities, and most of the legal requirements were considered in planning action.</p><p><br/></p><p><br/></p><p><br/></p></field>
            <field name="min_score">3.01</field>
            <field name="max_score">6</field>
        </record>
        <record id="default_planning_config_3" model="executive.summary">
            <field name="config_id" ref="default_hawk_analysis_config"/>
            <field name="category_id" ref="hawk_survey.category_3"/>
            <field name="summary" type="html"><h4><span style='font-weight: bolder; color: rgb(124, 101, 118); font-family: "Lucida Grande", Helvetica, Verdana, Arial, sans-serif; font-size: 14px;'>PLANNING</span></h4><p>Planning is one the most important processes for establishment or running of any process, regard to the received and assessed documents, the planning for safety processes establishment and running of these processes in different levels of the organisation are considered partially. There is some evidence in the policy and operational procedures that shows attention to planning. Some hazards and risks identification and assessment are mentioned in planning processes. The organisation did not recognise the assessment of opportunities, and a few legal requirements were considered in planning action.</p><p><br/></p><p><br/></p><p><br/></p></field>
            <field name="min_score">0</field>
            <field name="max_score">3</field>
        </record>
        <record id="default_support_config_1" model="executive.summary">
            <field name="config_id" ref="default_hawk_analysis_config"/>
            <field name="category_id" ref="hawk_survey.category_4"/>
            <field name="summary" type="html"><h4><span style='font-weight: bolder; color: rgb(124, 101, 118); font-family: "Lucida Grande", Helvetica, Verdana, Arial, sans-serif; font-size: 14px;'>SUPPORT</span></h4><p>It is obvious that any planning needs the resources for moving from paperwork to practical action, the organisation considered these resources by concentrating on the required competency and awareness for having effective results. The communications were defined effectively in internal and external fields and the evidence shows the effective methodology for keeping generated information and using them in different processes.</p></field>
            <field name="min_score">6.01</field>
            <field name="max_score">10</field>
        </record>
        <record id="default_support_config_2" model="executive.summary">
            <field name="config_id" ref="default_hawk_analysis_config"/>
            <field name="category_id" ref="hawk_survey.category_4"/>
            <field name="summary" type="html"><h4><span style='font-weight: bolder; color: rgb(124, 101, 118); font-family: "Lucida Grande", Helvetica, Verdana, Arial, sans-serif; font-size: 14px;'>SUPPORT</span></h4><p>It is obvious that any planning needs the resources for moving from paperwork to practical action, the organisation considered these resources by concentrating on the required competency and awareness for having effective results. The communications were defined in internal and external fields and the evidence shows there is a methodology for keeping generated information and using them in different processes.</p></field>
            <field name="min_score">3.01</field>
            <field name="max_score">6</field>
        </record>
        <record id="default_support_config_3" model="executive.summary">
            <field name="config_id" ref="default_hawk_analysis_config"/>
            <field name="category_id" ref="hawk_survey.category_4"/>
            <field name="summary" type="html"><h4><span style='font-weight: bolder; color: rgb(124, 101, 118); font-family: "Lucida Grande", Helvetica, Verdana, Arial, sans-serif; font-size: 14px;'>SUPPORT</span></h4><p>It is obvious that any planning needs the resources for moving from paperwork to practical action, the organisation considered these resources partially by concentrating on the required competency and awareness for having some results. The communications were defined inadequately in internal and external fields and the evidence shows the incomplete methodology for keeping generated information and using them in different processes.</p></field>
            <field name="min_score">0</field>
            <field name="max_score">3</field>
        </record>
        <record id="default_operation_config_1" model="executive.summary">
            <field name="config_id" ref="default_hawk_analysis_config"/>
            <field name="category_id" ref="hawk_survey.category_5"/>
            <field name="summary" type="html"><h4><span style='font-weight: bolder; color: rgb(124, 101, 118); font-family: "Lucida Grande", Helvetica, Verdana, Arial, sans-serif; font-size: 14px;'>OPERATION</span></h4><p>Concerning operational planning, we can see the evidence of attention for eliminating hazards and reducing the risks in operational planning. The processes for management of change are considerable and considered in the procurement process also. A comprehensive level of emergency preparedness and response is noticeable in the assessed documents.</p></field>
            <field name="min_score">6.01</field>
            <field name="max_score">10</field>
        </record>
        <record id="default_operation_config_2" model="executive.summary">
            <field name="config_id" ref="default_hawk_analysis_config"/>
            <field name="category_id" ref="hawk_survey.category_5"/>
            <field name="summary" type="html"><h4><span style='font-weight: bolder; color: rgb(124, 101, 118); font-family: "Lucida Grande", Helvetica, Verdana, Arial, sans-serif; font-size: 14px;'>OPERATION</span></h4><p>Concerning operational planning, we can see the evidence of attention for eliminating hazards and reducing the risks in operational planning. The processes for the management of change are presented and considered in the procurement process also. A suitable level of emergency preparedness and response is noticeable in the assessed documents.</p></field>
            <field name="min_score">3.01</field>
            <field name="max_score">6</field>
        </record>
        <record id="default_operation_config_3" model="executive.summary">
            <field name="config_id" ref="default_hawk_analysis_config"/>
            <field name="category_id" ref="hawk_survey.category_5"/>
            <field name="summary" type="html"><h4><span style='font-weight: bolder; color: rgb(124, 101, 118); font-family: "Lucida Grande", Helvetica, Verdana, Arial, sans-serif; font-size: 14px;'>OPERATION</span></h4><p>Concerning operational planning, we can see the partial evidence of attention for eliminating hazards and reducing the risks in operational planning. The processes for the management of change are presented to some extent and are not related to the procurement process completely. A suitable level of emergency preparedness and response is not observed in the assessed documents.</p></field>
            <field name="min_score">0</field>
            <field name="max_score">3</field>
        </record>
        <record id="default_performance_config_1" model="executive.summary">
            <field name="config_id" ref="default_hawk_analysis_config"/>
            <field name="category_id" ref="hawk_survey.category_6"/>
            <field name="summary" type="html"><h4><span style='font-weight: bolder; color: rgb(124, 101, 118); font-family: "Lucida Grande", Helvetica, Verdana, Arial, sans-serif; font-size: 14px;'>PERFORMANCE</span></h4><p>This organisation is very careful and accurate in controlling the efficiency and the degree of organisational compliance with the requirements and has demonstrated this precision well in almost all its control, measurement and audit processes.</p></field>
            <field name="min_score">6.01</field>
            <field name="max_score">10</field>
        </record>
        <record id="default_performance_config_2" model="executive.summary">
            <field name="config_id" ref="default_hawk_analysis_config"/>
            <field name="category_id" ref="hawk_survey.category_6"/>
            <field name="summary" type="html"><h4><span style='font-weight: bolder; color: rgb(124, 101, 118); font-family: "Lucida Grande", Helvetica, Verdana, Arial, sans-serif; font-size: 14px;'>PERFORMANCE</span></h4><p>This organisation has worked in controlling the efficiency and the degree of organisational compliance with the requirements and has demonstrated their management approach in part of their control, measurement and audit processes.</p></field>
            <field name="min_score">3.01</field>
            <field name="max_score">6</field>
        </record>
        <record id="default_performance_config_3" model="executive.summary">
            <field name="config_id" ref="default_hawk_analysis_config"/>
            <field name="category_id" ref="hawk_survey.category_6"/>
            <field name="summary" type="html"><h4><span style='font-weight: bolder; color: rgb(124, 101, 118); font-family: "Lucida Grande", Helvetica, Verdana, Arial, sans-serif; font-size: 14px;'>PERFORMANCE</span></h4><p>This organisation has worked in controlling the efficiency and the degree of organisational compliance with the requirements partially and has demonstrated their management approach in part of their control, measurement and audit processes, but we think they can make some improvement for better performance.</p></field>
            <field name="min_score">0</field>
            <field name="max_score">3</field>
        </record>
        <record id="default_improvement_config_1" model="executive.summary">
            <field name="config_id" ref="default_hawk_analysis_config"/>
            <field name="category_id" ref="hawk_survey.category_7"/>
            <field name="summary" type="html"><h4><font color="#7c6576"><span style="font-size: 14px;"><span style="font-weight: bolder;">IMPROVEMENT</span></span></font></h4><p>We know that any quality process has an output and this output must be improved continuously. The improvement is reachable by making improvements in all defined processes inside the organisation. In assessed documents good attention to detecting and resolving nonconformities and correcting actions for achieving continuous improvement is distinguishable.</p></field>
            <field name="min_score">6.01</field>
            <field name="max_score">10</field>
        </record>
        <record id="default_improvement_config_2" model="executive.summary">
            <field name="config_id" ref="default_hawk_analysis_config"/>
            <field name="category_id" ref="hawk_survey.category_7"/>
            <field name="summary" type="html"><h4><font color="#7c6576"><span style="font-size: 14px;"><span style="font-weight: bolder;">IMPROVEMENT</span></span></font></h4><p>We know that any quality process has an output and this output must be improved continuously. The improvement is reachable by making improvements in all defined processes inside the organisation. In assessed documents attention to detecting and resolving nonconformities and correcting actions for achieving continuous improvement is detectable, but in some aspects, there is the opportunity for improvement.</p></field>
            <field name="min_score">3.01</field>
            <field name="max_score">6</field>
        </record>
        <record id="default_improvement_config_3" model="executive.summary">
            <field name="config_id" ref="default_hawk_analysis_config"/>
            <field name="category_id" ref="hawk_survey.category_7"/>
            <field name="summary" type="html"><h4><font color="#7c6576"><span style="font-size: 14px;"><span style="font-weight: bolder;">IMPROVEMENT</span></span></font></h4><p>We know that any quality process has an output and this output must be improved continuously. The improvement is reachable by making improvements in all defined processes inside the organisation. In assessed documents, attention to detecting and resolving nonconformities and correcting actions for achieving continuous improvement is not at an adequate level and needs attention for standing at a generally acceptable level.</p></field>
            <field name="min_score">0</field>
            <field name="max_score">3</field>
        </record>

<!--======================================================================================-->

        <record id="default_disclaimer_config" model="report.content">
            <field name="config_id" ref="default_hawk_analysis_config"/>
            <field name="section">disclaimer</field>
            <field name="summary" type="html">
            	<p><span style="font-size: 9px;">
                    This analytical safety Report has been prepared by Savvy Corporation Pty. Ltd. ACN No. 605 034 624 for the party named Client only and for the purpose indicated in this Report, subject to Savvy Corp’s Terms and Conditions of the Service which have been agreed to by the Client.
            	    This Report (in whole or in part) must not be disclosed to or used by any other organisation, individual, or party, outside the Client, for any purpose or in any other contexts, without Savvy Corp’s prior written consent.
            	    Except where expressly stated, Savvy Corp has not verified the validity, accuracy or comprehensiveness of any information supplied to Savvy Corp by the Client or any third party in relation to this Report.
            	    Information contained in this Report is general information only, is current at the date of this Report and will not reflect any events or circumstances which occur after the date of this Report.
            	    Recipients of this Report should seek independent verification, assessment, and advice in relation to the matters contained in this Report and must accept sole responsibility associated with their use of this Report and any material and information contained in this Report.
            	    All intellectual property rights in this Report are the property of Savvy Corp except where expressly stated, and this Report must only be copied or reproduced in whole or in part by those internal parties authorised by Client. Otherwise, the report must not be reproduced without the prior written consent of Savvy Corp.
            	    All queries in relation to this Report must be addressed to Savvy Corp. Please direct those enquiries to our concierge team found at: concierge@think-savvy.com.
            	</span><br/></p>
            </field>
        </record>
        <record id="default_copyright_config" model="report.content">
            <field name="config_id" ref="default_hawk_analysis_config"/>
            <field name="section">copyright</field>
            <field name="summary" type="html"><p><font style="font-size: 9px;">© Copyright 2022 Savvy Corporation. All rights reserved.</font><br/><font style="font-size: 10px;">In no circumstances may any part of any THINK SAVVY resource be reproduced or transmitted in any form or by any means, electronic or mechanical, including photocopying recording or any information storage or retrieval system, without permission in writing from the copyright holder.</font><br/></p></field>
        </record>
        <record id="default_opening_config" model="report.content">
            <field name="config_id" ref="default_hawk_analysis_config"/>
            <field name="section">opening</field>
            <field name="summary" type="html"><p>In the Hawk Tender Assessment service, we try to help our clients in the assessment process of tenderers’ proposals. Our QHSE expert team assess the safety-related sections of the proposals by using the predefined assessment criteria designed according to ISO 45001 standard for safety. As we use the ISO standards as our main assessment tools, the submitted documents are studied from different categories as below:</p><ul><li><p>Context</p></li><li><p>Leadership</p></li><li><p>Planning</p></li><li><p>Support</p></li><li><p>Operation</p></li><li><p>Performance</p></li><li><p>Improvement<br/><br/></p></li></ul></field>
            <field name="min_score">0</field>
            <field name="max_score">10</field>
        </record>
        <record id="default_closing_config_1" model="report.content">
            <field name="config_id" ref="default_hawk_analysis_config"/>
            <field name="section">closing</field>
            <field name="summary" type="html"><p>As explained in different points of view, this organisation or tenderer has an excellent systematic approach in safety and requirements for standing in a good position for compliance with related standards.<br/></p></field>
            <field name="min_score">6.01</field>
            <field name="max_score">10</field>
        </record>
        <record id="default_closing_config_2" model="report.content">
            <field name="config_id" ref="default_hawk_analysis_config"/>
            <field name="section">closing</field>
            <field name="summary" type="html"><p>As explained in previous steps by assessing all aspects, we found that this organisation or tenderer has an acceptable level of organisational processes in safety and covering the requirements for related standards, but there are some opportunities for improvement.<br/></p></field>
            <field name="min_score">3.01</field>
            <field name="max_score">6</field>
        </record>
        <record id="default_closing_config_3" model="report.content">
            <field name="config_id" ref="default_hawk_analysis_config"/>
            <field name="section">closing</field>
            <field name="summary" type="html"><p>As explained in different points of view, this organisation or tenderer needs some improvement to reach an acceptable level of approach in safety and covering the requirements for standing in a good position for compliance with related standards.<br/></p></field>
            <field name="min_score">0</field>
            <field name="max_score">3</field>
        </record>
        <record id="default_assessment_context_config" model="report.content">
            <field name="config_id" ref="default_hawk_analysis_config"/>
            <field name="section">assessment_context</field>
            <field name="summary" type="html"><p style="margin-bottom: 15px; padding: 0px; text-align: justify;">The focus of the Hawk Tender appraisal service is to pragmatically review and assess the QHSE component of the proposal submission, in accordance with the latest version of ISO standards for safety. The received documents have been examined by our professional personnel in the Hawk Tender Appraisal – Safety Module Team.  Within the context of this field of study, and in conjunction with the available evidence submitted, a single score is then considered for each item of the predefined assessment criteria.</p><p style="margin-bottom: 15px; padding: 0px; text-align: justify;">For the safety module evaluation, we have categorised our questions so that they are congruent with those concepts stipulated in the ISO-45001 (Health and Safety management standard) clauses and categories. We have then diligently scrutinised and searched the submission for all relevant processes, procedures, and historical data to measure the conformity of the quality and content of the organisational documents and processes, and their alignment to the standard. </p><p style="margin-bottom: 15px; padding: 0px; text-align: justify;">This submission has been assigned to a specific member of the Hawk Tender Appraisal – Safety Team. Each tenderer’s proposal submission is highly confidential. Before analysis is commenced our professional analyst, who is then dedicated to this evaluation, also signs an additional and separate confidentiality agreement to ensure all commercially sensitive information is not shared, at any stage through the appraisal process.</p><p style="margin-bottom: 15px; padding: 0px; text-align: justify;">Further, this information has been assessed independently by one assessor without any interaction with other proposals during this phase. The submitted document/s was assessed by considering the following fields of investigation, as noted below:</p><p style="margin-bottom: 15px; padding: 0px; text-align: justify;">1.<span style="white-space:pre">	</span>Tenderer context <br/>2.<span style="white-space:pre">	</span>OH&amp;S policy<br/>3.<span style="white-space:pre">	</span>Planning<br/>4.<span style="white-space:pre">	</span>Support<br/>5.<span style="white-space:pre">	</span>Operation<br/>6.<span style="white-space:pre">	</span>Performance evaluation<br/>7.<span style="white-space:pre">	</span>Improvement</p><p style="margin-bottom: 15px; padding: 0px; text-align: justify;">Each of the above categories can have a different degree of importance for each client concerning the nature and complexity of the defined project. Whilst your entire project is very important, you will recall that at the time you submitted a copy of your tenderer’s documentation for appraisal, you were asked to select the different aspects of your project that were of higher importance to you, than another via our portal. </p><p style="margin-bottom: 15px; padding: 0px; text-align: justify;">In response to this polynomial selection is established to create the leading coefficient, of the analysis. By considering your desired options for changing the weight and variable parameters, of the categories, we then respond by adjusting our evaluation methodology to ensure we are aligned to your real-world project requirements. </p><p style="margin-bottom: 15px; padding: 0px; text-align: justify;">For each category, we have a specific number of assessment questions, then each question will be evaluated, scored, and then reported upon, in response to the submitted proposal evidence. The score of each question will be assigned, to then generate the calculations of the average score of the category. This average value will be indicated in two forms, both the raw and corrected average. Raw one is where the average value before applying the weighting coefficient is represented. Then the corrected value indicates the average score after the application of the weighting coefficient for that category. </p><p style="margin-bottom: 15px; padding: 0px; text-align: justify;">The overall raw and corrected scores will be calculated by combining the raw and corrected average scores of all categories that have been used for this assessment. The final scores are the partial value of 10 defined as the maximum score. For each tenderer, the difference between an earned score and a maximum score of 10, indicates the gap representing the opportunities for improvement. Additionally, it is usable for your concise comparison of your tenderers with each other.</p><div style="text-align: justify;"><br/></div></field>
        </record>
        <record id="default_results_glance_config" model="report.content">
            <field name="config_id" ref="default_hawk_analysis_config"/>
            <field name="section">results_glance</field>
            <field name="summary" type="html"><p>In this section, the score of each category is presented in detail. The acquired score for each question of assessment criteria is indicated in graphs individually. The graphs of each assessment category approximately reflect the average score and variation trend. This part of the report presents the overall condition of the tenderer’s document in comparison with our assessment measuring tool. All scores used for generating the below graphs are raw scores before applying the weighting coefficients recommended by the client.<br/></p></field>
        </record>
        <record id="default_results_analysis_config" model="report.content">
            <field name="config_id" ref="default_hawk_analysis_config"/>
            <field name="section">results_analysis</field>
            <field name="summary" type="html"><p>Subsequent to our consideration about the appropriate raw score for each item in the assessment criteria, we then produce the total score for that grouping. Next, the subsequent average score is generated for each category. The score of each category therefore indicates the strength or areas for improvement for the tenderer within the context of that category.</p><p>The overall average score is then calculated, after applying your stipulated weighted coefficient. This means that it is also reflective the general situational context of the tenderer, when the submitted documentation is appraised against our predefined assessment criteria. The reader will note that the higher score achieved in each category, the more aligned the submitted documents have, demonstrating greater compatibility with ISO standards’ requirements. The allocation of a lower score reflects the areas that need more organisational attention, providing definition regarding the areas of improvement opportunity.</p></field>
        </record>
        <record id="default_results_analysis_bar1_bottom_config" model="report.content">
            <field name="config_id" ref="default_hawk_analysis_config"/>
            <field name="section">results_analysis_bar1_bottom</field>
            <field name="summary" type="html"><p>This graph displays the weighting that each topic is given. A score of 3 indicates that this topic is of high importance to the project this tenderer is applying for. A score of 1 is a representation that this topic is of lower importance to this project.</p><p>These weighting scores were indicated by your company before the assessment of the tenderer was conducted and have not been altered.</p></field>
        </record>
        <record id="default_results_analysis_bar2_bottom_config" model="report.content">
            <field name="config_id" ref="default_hawk_analysis_config"/>
            <field name="section">results_analysis_bar2_bottom</field>
            <field name="summary" type="html"><p>As shown in this graph, you can see that<span style="font-weight: bolder;"> &lt;insert highest scored category here&gt;</span> scores the highest. It is an indication of the attention that the organisation has given to <span style="font-weight: bolder;">&lt;insert highest scored category here&gt;</span> in their submission. <span style="font-weight: bolder;">&lt;insert lowest scored category here&gt;</span> requires improvement and more consideration as it is the lowest score for the organisation.</p><p><br/></p><p><br/></p></field>
            <field name="min_keyword">&lt;insert lowest scored category here&gt;</field>
            <field name="max_keyword">&lt;insert highest scored category here&gt;</field>
        </record>
        <record id="default_results_analysis_bar3_bottom_config" model="report.content">
            <field name="config_id" ref="default_hawk_analysis_config"/>
            <field name="section">results_analysis_bar3_bottom</field>
            <field name="summary" type="html"><p>As shown in this graph, you can see that<span style="font-weight: bolder;"> &lt;insert highest scored category here&gt;</span> scores the highest. It is an indication of the attention that the organisation has given to <span style="font-weight: bolder;">&lt;insert highest scored category here&gt;</span> in their submission. <span style="font-weight: bolder;">&lt;insert lowest scored category here&gt;</span> requires improvement and more consideration as it is the lowest score for the organisation.</p><p><br/></p><p><br/></p></field>
            <field name="min_keyword">&lt;insert lowest scored category here&gt;</field>
            <field name="max_keyword">&lt;insert highest scored category here&gt;</field>
        </record>
        <record id="default_total_score_share_top_config" model="report.content">
            <field name="config_id" ref="default_hawk_analysis_config"/>
            <field name="section">total_score_share_top</field>
            <field name="summary" type="html"><p><br/></p><p>In the two graphs below, you can see the details of the overall score before and after applying the weight coefficient.<br/></p></field>
        </record>
        <record id="default_score_method_config" model="report.content">
            <field name="config_id" ref="default_hawk_analysis_config"/>
            <field name="section">score_methodology</field>
            <field name="summary" type="html"><p>Think Savvy is aware that scoring models come in all shapes and sizes. Simply put, the common denominator of effective scoring models is that (specialist) knowledge is presented in such a way that it is easy to understand. </p><p>The Hawk Tender Appraisal Team use decision intelligence methods to generate our reports. Our Conexus® reporting engine, contains a vast range of (relevant) criteria and project assay points that are interrogated and analysed so that a raw score is generated. By using the desired weighting coefficient choices that you provided via our portal, at the beginning of the appraisal process, Conexus® then overlays these, across all relevant categories and assay points including your data set.  All the data is then recalibrated to generate our final scores. This method allows us to present complex information to you, in a simple and digestible manner. </p><p>Our extensive technical knowledge and experience allows us to apply these decision intelligence methods to ensure the outcomes and assigned scores match each element based on its value. Further, as you review the scores, it is important to remember that our domain experts are very familiar with decision strategies that organizations like yours, need to make. So, we conduct periodic evaluations of the industry to ensure our methodology is reflective of current market need. </p><p>In addition to the 7 fields of investigation, there is a range of sub-set criteria and assay points. For each of these criteria an assessment scoring methodology is applied.  We have 5 different scores and each assay point, drawn from the Tenderers submitted information, is given one score as noted below:</p><p>Score 0 – This question is not applicable<br/>Score 1 – No relevant document submitted, or the submitted document can not be evaluated<br/>Score 3 – The tenderer document shows insufficient planning and action<br/>Score 6 – The tenderer document shows partial planning and action<br/>Score 10 – The tenderer document shows comprehensive planning and action</p></field>
        </record>
        <record id="default_assessment_criteria_config" model="report.content">
            <field name="config_id" ref="default_hawk_analysis_config"/>
            <field name="section">assessment_criteria</field>
            <field name="summary" type="html"><p>In this report, the results of the assessment of document number xxxx can be viewed. In the following tables are the assessment findings and result scores for each parameter in detail. <br/></p></field>
            <field name="repeat_headers" eval="False"/>
            <field name="min_keyword">xxxx</field>
            <field name="max_keyword">xxxx</field>
        </record>
<!--        <record id="default_tnc_config" model="report.content">-->
<!--            <field name="config_id" ref="default_hawk_analysis_config"/>-->
<!--            <field name="section">tnc</field>-->
<!--            <field name="summary" type="html"><p><font style="font-size: 10px;">The following are the terms and conditions (“Terms and Conditions”) upon which SAVVY CORPORATION PTY LTD (ACN 605 034 624) trading as Think Savvy (“Savvy Corp”) will provide the report and any additional services (“Services”) ordered online at the website any other website operated by Savvy Corp (“the Websites”) and paid for by you (“Client”). </font><br/><font style="font-size: 10px;">By placing an order and purchasing Services from Savvy Corp, the Client acknowledges that it has read, understood and agrees to be bound by these Terms and Conditions.<br/></font><span style="font-weight: bolder;"><font style="font-size: 10px;">1.</font><span style="white-space: pre;">	</span><font style="font-size: 10px;">CLIENT’S OBLIGATIONS <br/></font></span><font style="font-size: 10px;"><b>(a)</b> The Client agrees to: <br/>i.     make available to Savvy Corp all information, documents, tender submissions, procedures and other particulars and materials (“Information”) required by Savvy Corp for the proper performance of the Services; </font><br/><font style="font-size: 10px;">ii.     ensure that all Information and instructions provided to Savvy Corp are up to date, accurate and current and not misleading in any way and accepts sole responsibility for the adequacy and accuracy of such Information and instructions provided to Savvy Corp; </font><br/><font style="font-size: 10px;">iii.     co-operate and confer with Savvy Corp to give such assistance as Savvy Corp may reasonably require for the proper and timely performance of the Services; and </font><br/><font style="font-size: 10px;">iv.     comply with all reasonable directions and instructions of Savvy Corp in relation to or in connection with the provision of the Services.; <br/><b>(b)</b> The Client:<br/>i.     acknowledges that, unless otherwise notified by Savvy Corp, Savvy Corp has not verified the validity, accuracy or comprehensiveness of any Information supplied by the Client to Savvy Corp for the provision of the Services;</font><br/><font style="font-size: 10px;">ii.     information contained in any report prepared by Savvy Corp as a result of the provision of the Services (“Report”) will not reflect any event or circumstances which occur after the date of the Report;</font><br/><font style="font-size: 10px;">iii.     acknowledges that it has not relied on any representation or warranty made by Savvy Corp which is not expressly stated in these Terms and Conditions. The Client further acknowledges that it has exercised its own independent judgment in acquiring the Services from Savvy Corp and has not relied on any other descriptions, illustrations, statements or specifications contained in any document including promotional material;</font><br/><font style="font-size: 10px;">iv.     acknowledges and agrees that, the Client will be entitled to one (1) electronic copy of the Report unless otherwise agreed by Savvy Corp;</font><br/><font style="font-size: 10px;">v.     acknowledges that the Report will be produced solely for the use of the Client in accordance with these Terms and Conditions and is not intended to and must not be used or relied upon by anyone else in whole or in part.<br/></font><span style="font-weight: bolder;"><font style="font-size: 10px;">2.</font><span style="white-space: pre;">	</span><font style="font-size: 10px;">INVOICES AND PAYMENT <br/></font></span><b><span style="font-size: 10px;">(a) </span></b><font style="font-size: 10px;">Savvy Corp will charge the Client the service fees specified on the Websites (“Service Fee”) for the Services to be provided by Savvy Corp to the Client. <br/><b>(b)</b> When the Client places an order for Services (“Order”), the Client will receive an acknowledgement e-mail confirming receipt of the Order. This email will only be an acknowledgement and will not constitute acceptance of the Order by Savvy Corp. When the Client’s payment of the Service Fee for the Services is approved by Savvy Corp and processed Savvy Corp will issue the Client with an invoice confirming payment receipt and will commence to provide the Services. </font><br/><b><span style="font-size: 10px;">(c) </span></b><font style="font-size: 10px;">Each Order the Client places which is accepted by Savvy Corp will create a separate and binding agreement between the Client and Savvy Corp with respect to the supply of the Services subject to these Terms and Conditions. <br/><b>(d)</b> At Savvy Corp’s sole discretion, the Client may be required to pay a deposit on the Service Fee by a date determined by Savvy Corp and the Client acknowledges and agrees that until full payment of the Service Fee is received by Savvy Corp, Savvy Corp will not commence providing the Services set out in the Order. </font><br/><b><span style="font-size: 10px;">(e) </span></b><span style="font-size: 10px;">In the event that a deposit is required to be paid by the Client. Savvy Corp will issue an invoice (“Invoice”) for the Services to the Client and the Client shall pay the Invoice by the date specified in the Invoice or if no such date is specified within 30 days from the date of issue of the Invoice to the Client, unless otherwise agreed in writing between the parties (“Payment Date”). </span><br/><b><span style="font-size: 10px;">(f) </span></b><font style="font-size: 10px;">Savvy Corp will not be liable to the Client for any failure or refusal to accept or fill any Order or any portion thereof nor will Savvy Corp be liable for any loss or damage arising from such failure including any failure to fulfil any Order for any reason beyond its control. <br/><b>(g)</b> Any additional Services performed by Savvy Corp, which are not expressly provided for in the Order, will be charged to the Client separately and the Client shall pay the invoice issued by Savvy Corp from time to time in relation to such Services by Payment Date. </font><br/><b><span style="font-size: 10px;">(h) </span></b><font style="font-size: 10px;">If the Client fails to pay any amount owing to Savvy Corp as and when due, the Client undertakes and agrees that it will be liable for all costs incurred by Savvy Corp as a result of the Clients failure to make such payment by the Payment Date. Savvy Corp shall be entitled to charge interest, at its discretion, at the interest rate specified under the Penalty Interest Rates Act 1983 (Vic) at the time. Savvy Corp may also at its election suspend the performance of the Services whilst those monies are due but unpaid. <br/><b>(i)</b> The Client must pay all money due to Savvy Corp without deduction or set off, unless agreed to by Savvy Corp. Acceptance by Savvy Corp of payment of a sum less than the full sum due to Savvy Corp will not be an acknowledgement of payment in full and will not prejudice Savvy Corp’s rights to recover the balance due or to pursue any other remedy in respect of any unpaid money. </font><br/><b><span style="font-size: 10px;">(j) </span></b><font style="font-size: 10px;">If Savvy Corp is liable to pay GST in relation to the supply of any Services, the Client must in addition pay to Savvy Corp an amount equivalent to any GST paid or payable by Savvy Corp on such Service Fees on receipt of a tax invoice (unless the Service Fee for the supply is expressed specifically to be GST inclusive). <br/><b>(k)</b> Receipt by Savvy Corp of any form of payment other than cash shall not be deemed to be payment until that form of payment has been honoured, cleared or recognised. </font><br/><b><span style="font-size: 10px;">(l) </span></b><font style="font-size: 10px;">All payments must be in the currency specified on the Invoice and if no currency is specified on the Invoice in Australian dollars (AUD), unless otherwise agreed to by Savvy Corp, and all such costs of conversion and currency fluctuations will be borne by the Client. <br/><b>(m)</b> Unless otherwise specified in writing in an Invoice, or other form, all third party costs incurred by Savvy Corp in the performance of the Services is the responsibility of and shall be borne by the Client. <br/></font><span style="font-weight: bolder;"><font style="font-size: 10px;">3.</font><span style="white-space: pre;">	</span><font style="font-size: 10px;">LIMITATION OF LIABILITY <br/></font></span><b><span style="font-size: 10px;">(a) </span></b><span style="font-size: 10px;">To the full extent permitted by law, and subject to any express provision to the contrary in these Terms and Conditions and any non-excludable statutory provision, Savvy Corp gives no warranty in relation to the Services and/or Report and is not liable for any loss or damage to any property, business or thing, or death or injury to any person (whether caused by negligence or otherwise) arising out of or relating to the Services and/or Report. Savvy Corp will not be liable for any consequential, economic or indirect loss suffered in connection with the Services and/or Report including but not limited to any of the Client’s or other third party’s loss of actual or anticipated income or profits, loss of contracts or for any other special, indirect or consequential loss or damage of any kind. </span><br/><b><span style="font-size: 10px;">(b) </span></b><span style="font-size: 10px;">If Savvy Corp is found to have any liability to the Client for any failure by Savvy Corp to perform or comply with any of its obligations under these Terms and Conditions or any damage or loss which arises out of or is any way connected with the provision of the Services or these Terms and Conditions, then, to the extent permitted by law, Savvy Corp’s maximum aggregate liability to the Client will not exceed the Service Fees paid by the Client and received by Savvy Corp (excluding GST) under these Terms and Conditions in the thirty (30) day period prior to any such claim. </span><br/><b><span style="font-size: 10px;">(c) </span></b><font style="font-size: 10px;">Where the Client has the benefit of any statutory non-excludable condition or warranty which imposes obligations upon Savvy Corp that cannot be excluded, restricted or modified, Savvy Corp’s liability is, to the extent permitted by law, limited to re-performing Services, or refunding fees paid in relation to those Services not complying with the non-excludable condition or paying the cost of having the relevant Services supplied again. These Terms and Conditions do not exclude restrict or modify any statutory rights or remedies that cannot be lawfully excluded, restricted or modified. <br/><b>(d)</b> The Client shall indemnify Savvy Corp and each of its officers, employees, directors, contractors and agents (“Representatives”) in respect of any claim, cost, demand, liability or damage (including legal costs, professional costs and other expenses on a full indemnity basis), howsoever caused, incurred by Savvy Corp and/or its Representatives arising out of or in connection with: </font><br/><font style="font-size: 10px;">i.     any third-party action arising out of or relating to the performance or non-performance of the Services; </font><br/><font style="font-size: 10px;">ii.     any breach of these Terms and Conditions by the Client, its employees, agents, sub-contractors, contractors, directors and officers (“Personnel”); </font><br/><font style="font-size: 10px;">iii.     any wilful misconduct, unlawful, negligent or reckless or other act or omission of the Client or its Personnel; and/or </font><br/><font style="font-size: 10px;">iv.     the use of the Services. <br/><b>(e)</b> Without limiting the above, under no circumstances does Savvy Corp assume any of the Client’s responsibilities or obligations imposed by law or regulation or otherwise. </font><br/><b><span style="font-size: 10px;">(f) </span></b><font style="font-size: 10px;">Savvy Corp shall not be liable for any default of these Terms and Conditions or the failure to provide any Services due to an event beyond Savvy Corp’s reasonable control including but not limited to war, terrorism, strike, lockout, industrial action, fire, flood, earthquakes, drought, storm, pandemic or other event beyond its reasonable control (“Force Majeure Event”). <br/></font><span style="font-weight: bolder;"><font style="font-size: 10px;">4.</font><span style="white-space: pre;">	</span><font style="font-size: 10px;">INTELLECTUAL PROPERTY RIGHTS <br/></font></span><b><span style="font-size: 10px;">(a) </span></b><font style="font-size: 10px;">For the purpose of this clause :“Intellectual Property Rights” means statutory and other proprietary rights in respect of trade marks, designs, patents, circuit layouts, copyright, inventions, know-how and all other rights with respect to intellectual property as defined in Article 2 of the Convention establishing the World Intellectual Property Organisation of July 1967, and all rights to apply for any of the above.; <br/><b>(b)</b> Without limitation, all Intellectual Property Rights in: </font><br/><font style="font-size: 10px;">i.     all drawings, reports, specifications, calculations and other documents prepared or provided by Savvy Corp in connection with the Services including the Report (“Documents”); </font><br/><font style="font-size: 10px;">ii.     all concepts, products, inventions, materials, systems, processes and designs created, conceived, developed or reduced to practice in the performance or provision of the Services including those which are capable of being patented or protected by any Intellection Property Rights, (“Developed IP”) shall vest in Savvy Corp and remains the sole property of Savvy Corp. <br/></font><b><span style="font-size: 10px;">(c) </span></b><font style="font-size: 10px;">Subject to clause 5(d), the Client acknowledges that it acquires no ownership of or licence to use any intellectual property of Savvy Corp including the Developed IP under these Terms and Conditions and shall not use any such intellectual property of Savvy Corp including the Developed IP without the prior written consent of Savvy Corp. <br/><b>(d)</b> Subject to clause 5(e), Savvy Corp grants to the Client a limited non-exclusive, non-sub-licensable, non-assignable, royalty free and revokable licence for the Client to use the Report for the sole purpose of completing the project referred to in the Report in Australia. </font><br/><b><span style="font-size: 10px;">(e) </span></b><font style="font-size: 10px;">The Client: </font><br/><font style="font-size: 10px;">i.  </font>    <font style="font-size: 10px;">assigns all Intellectual Property Rights of the Client, if any, in the Developed IP to the Service Provider and shall do all things necessary to effect this at its own cost; </font><br/><font style="font-size: 10px;">ii. </font>    <font style="font-size: 10px;">agrees not to use, copy, exploit, sell, publish, infringe or otherwise appropriate the same, any Developed IP or other intellectual property of Savvy Corp or the Documents or assist allow any other third party, person or entity to do so without the prior written consent of Savvy Corp; </font><br/><font style="font-size: 10px;">iii</font><font style="white-space: pre;">.</font>    <font style="white-space: pre;"></font><font style="font-size: 10px;">agrees and not to use the Report for any other purpose or in any manner other than set out in clause 5(d) and in accordance with these Terms and Conditions and any disclaimer, limitations or restrictions referred to in the Report; and </font><br/><font style="font-size: 10px;">iv.</font>    <font style="font-size: 10px;">agrees to comply with these Terms and Conditions. <br/></font><span style="font-weight: bolder;"><font style="font-size: 10px;">5.</font><span style="white-space: pre;">	</span><font style="font-size: 10px;">CONFIDENTIALITY <br/></font></span><font style="font-size: 10px;"><b>(a)</b> For the purposes of these Terms &amp; Conditions, “Confidential Information” means all confidential information of or in relation to a party or its business including without limitation financial, technical and other commercially valuable or sensitive information of a party in whatever form. Confidential Information of a party does not include information which: </font><br/><font style="font-size: 10px;">i.  </font>    <font style="font-size: 10px;">is in the public domain, through no fault of the other party; or </font><br/><font style="font-size: 10px;">ii. </font>    <font style="font-size: 10px;"></font><span style="font-size: 10px;">can be shown by contemporaneous records of the other party to have been known to the other party at the time it is received or received from a third party, without an obligation of confidentiality. <br/></span><b><span style="font-size: 10px;">(b) </span></b><font style="font-size: 10px;">Each party agrees that it shall not, use or disclose to any third party any Confidential Information received from the disclosing party, except: </font><br/><font style="font-size: 10px;">i.  </font>    <font style="font-size: 10px;">with the prior written consent of the disclosing party; </font><br/><font style="font-size: 10px;">ii.  </font>    <font style="font-size: 10px;">to those of its employees, officers, agents and advisors, who need to have access to that Confidential Information for the purpose of the receiving party complying with its obligations under this Agreement or for the purpose of seeking legal or financial advice, and who are bound by an enforceable obligation of confidentiality; or </font><br/><font style="font-size: 10px;">iii.</font>    <font style="font-size: 10px;"></font><span style="font-size: 10px;">to the extent required by law. <br/></span><b><span style="font-size: 10px;">(c) </span></b><span style="font-size: 10px;">The Client acknowledges that the Savvy Corp would be irreparably harmed by any actual or threatened breach of this clause 6, and that monetary damages would be insufficient to remedy such actual or threatened breach. The Client consents to Savvy Corp applying for an injunction in order to stop any actual and/or threatened breach of this clause 6. </span><br/><b><span style="font-size: 10px;">(d) </span></b><font style="font-size: 10px;">This clause 6 subsists beyond termination of these Terms and Conditions. <br/></font><span style="font-weight: bolder;"><font style="font-size: 10px;">6.</font><span style="white-space: pre;">	</span><font style="font-size: 10px;">SUSPENSION OF SERVICES<br/></font></span><font style="font-size: 10px;"><b>(a)</b> Savvy Corp may:</font><br/><font style="font-size: 10px;">i.  </font>    <font style="font-size: 10px;">upon 30 days written notice to the Client, suspend the provision of the Services or any part of the Services to the Client without cause; or </font><br/><font style="font-size: 10px;">ii. </font>    <font style="font-size: 10px;">upon 24 hours written notice to the Client, suspend the provision of Services or any part of the Services to the Client due to any Force Majeure Event. <br/><b>(b)</b> In the event of a suspension under clause 7(a), the Client shall pay Savvy Corp for the Services provided up to and including the date of suspension. <br/><b>(c)</b> If the provision of Services or any part of the Services has been suspended in accordance with this clause 7, Savvy Corp shall provide the Client with seven (7) days written notice of the re-commencement of the provision of Services or any part of the Services following the suspension.<br/></font><span style="font-weight: bolder;"><font style="font-size: 10px;">7.</font><span style="white-space: pre;">	</span><font style="font-size: 10px;">TERMINATION<br/></font></span><font style="font-size: 10px;"><b>(a)</b> In this clause 8, “Insolvency Event” means where the Client becomes insolvent, the subject of insolvency proceedings, any form of insolvency administration, bankruptcy, winding up, enters into an arrangement with its creditors, is unable to pay its debts as they fall due or states that it is insolvent or is treated as or presumed insolvent under any applicable legislation, has a receiver or administrator appointed or any other similar event occurs in relation to the party. <br/><b>(b)</b> Savvy Corp may cancel the provision of the Services and/or terminate these Terms and Conditions, as follows: </font><br/><font style="font-size: 10px;">i.  </font>    <font style="font-size: 10px;">by fourteen (14) days’ prior written notice to the Client; </font><br/><font style="font-size: 10px;">ii. </font>    <font style="font-size: 10px;">by written notice to the Client in the event that a Force Majeure Event continues for thirty (30) days; </font><br/><font style="font-size: 10px;">iii.</font>    <font style="font-size: 10px;">by written notice to the Client if the Client breaches any provision of these Terms and Conditions and does not remedy such breach within seven (7) days after receiving written notice from Savvy Corp requiring such breach to be remedied; or </font><br/><font style="font-size: 10px;">iv.</font>    <font style="font-size: 10px;">to the extent permitted by law, in the event the Client becomes subject to an Insolvency Event.<br/></font><span style="font-weight: bolder;"><font style="font-size: 10px;">8.</font><span style="white-space: pre;">	</span><font style="font-size: 10px;">CONSEQUENCES OF TERMINATION<br/></font></span><font style="font-size: 10px;"><b>(a)</b> Upon termination pursuant to clause 8:</font><br/><font style="font-size: 10px;">i.  </font>    <font style="font-size: 10px;">Savvy Corp will cease providing the Services and any outstanding Orders will be cancelled;</font><br/><font style="font-size: 10px;">ii. </font>    <font style="font-size: 10px;">all monies previously paid for Services provided remain the property of Savvy Corp and the Client acknowledges that it is not entitled to make any claims in respect of them. The Client must further pay Savvy Corp for any Services performed up to and including the date of termination, including any outstanding and unpaid invoices; and</font><br/><font style="font-size: 10px;">iii.</font>    <font style="font-size: 10px;">Client shall return to Savvy Corp all property of Savvy Corp in its possession including to the extent possible and as requested by Savvy Corp, Confidential Information and shall comply to any request of Savvy Corp to destroy such property and/or Confidential Information as well as providing evidence of same.<br/><b>(b)</b> This clause 9 survives termination of these Terms and Conditions.<br/></font><span style="font-weight: bolder;"><font style="font-size: 10px;">9.</font><span style="white-space: pre;">	</span><font style="font-size: 10px;">GENERAL <br/></font></span><font style="font-size: 10px;"><b>(a)</b> Unless Savvy Corp expressly agrees in writing to the contrary, any standard or special terms of service put forward by the Client to Savvy Corp are not accepted by Savvy Corp, do not form part of these Terms and Conditions and are of no effect. <br/><b>(b)</b> These Terms and Conditions constitute the entire agreement between Savvy Corp and the Client relating to the provision of the Services.<br/><b>(c)</b> Savvy Corp reserves the right to amend these Terms and Conditions and/or the Websites including changing or altering the Service Fee or Services appearing on the Websites from time to time at its discretion.<br/><b>(d)</b> The Client shall sign and, execute all such further documents and do all such acts, matters and things as shall be necessary or desirable to give full effect to these Terms and Conditions.<br/><b>(e)</b> The Client shall not assign all or any part of its obligations under these Terms and Conditions without the prior written consent of Savvy Corp. Savvy Corp may assign these Terms and Conditions or any right or obligation under these Terms and Conditions without the Client’s prior consent.<br/><b>(f)</b> Savvy Corp may in its sole discretion delegate any or all of its obligations and tasks relating to the provision of the Services.<br/><b>(g)</b> Any notice required or authorised to be given or served by one party to the other party pursuant to this Agreement, such notices are only valid if in writing, in English addressed to the parties at the addresses advised by each party and be deemed to be given and served:</font><br/><font style="font-size: 10px;">i.  </font>    <font style="font-size: 10px;">where sent by email on day of transmission provided that the sender does not receive an error or “out of office” report;</font><br/><font style="font-size: 10px;">ii.</font><font> </font>    <font></font><font style="font-size: 10px;">where sent by registered post in Australia: seven (7)days after the time of posting; </font><br/><font style="font-size: 10px;">iii.</font>    <font style="font-size: 10px;">where sent by ordinary mail from Australia to an international address and vice versa, fourteen (14) days after the time of posting; and</font><br/><font style="font-size: 10px;">iv.</font>    <font style="font-size: 10px;">where delivered by hand or by courier, at the time of delivery, </font></p><p><font style="font-size: 10px;">but if delivery or receipt is later than 5:00 pm (local time) on a Business Day, the notice is deemed to have been given and served on the next Business Day. <br/><b>(h)</b> The waiver by any party of a breach of a provision of these Terms and Conditions will not be deemed a waiver of all or part of that provision or of any other provision or of the right of that party to avail itself of its rights subsequently and any waiver of a breach of these Terms and Conditions must be in writing signed by the party granting the waiver, and will be effective only to the extent specifically set out in that waiver<br/><b>(i)</b> The parties agree and acknowledge that each provision is and will be deemed severable and independent and if all or any part of any provision is judged invalid or unenforceable in all the circumstances, it will be deemed to be deleted and will not affect the validity or enforceability of the remaining provisions.<br/><b>(j)</b> The parties agree and acknowledge that these Terms and Conditions, shall be governed by and construed in accordance with the laws of the State Victoria, Australia and each party irrevocably and unconditionally submits to the non-exclusive jurisdiction of the Court of the State of Victoria, Australia and the Courts entitled to hear appeals from these Courts. <br/><b>(k)</b> Nothing in these Terms and Conditions shall be construed to place the parties in the relationship of partners or joint venturers and the Client is not authorised to act as agent of Savvy Corp.<br/></font><span style="font-weight: bolder;"><font style="font-size: 10px;">10.</font><span style="white-space: pre;">	</span><font style="font-size: 10px;">INTERPRETATION<br/></font></span><font style="font-size: 10px;">In these Terms and Conditions: <br/><b>(a)</b> headings are for convenience only and do not affect interpretation; <br/><b>(b)</b> words importing the singular includes the plural and vice versa and words importing a gender includes all genders; <br/><b>(c)</b> a reference to a statute includes all amendments to that statute; <br/><b>(d)</b> a reference to a document or agreement includes it as amended, novated, supplemented, varied or replaced from time to time; <br/><b>(e)</b> if any day appointed or specified by these Terms and Conditions for the payment of any money falls on a non-Business Day, the day so appointed or specified shall be deemed to be the next Business Day. For the purposes of these Terms and Conditions, “Business Day” means a day (not being a Saturday, Sunday or public holiday) on which banks are open for general banking business in Melbourne in the State of Victoria, Australia.</font></p></field>-->
<!--        </record>-->
    </data>
</odoo>
