<?xml version="1.0" encoding="utf-8"?>
<odoo>
    <data noupdate="1">
<!--        TEMPLATE-->
        <record id="hawk_analysis_report_template_safety" model="hawk.analysis.report.template">
            <field name="name">Safety Report Template</field>
            <field name="report_type_id" ref="hawk_base.analysis_type1"/>
        </record>
<!--        COMPONENTS-->
        <record id="report_template_front_cover_img" model="hawk.analysis.report.template.component">
            <field name="name">Front Cover Image</field>
            <field name="qweb_keyword">front_cover_image</field>
            <field name="template_id" ref="hawk_analysis_report_template_safety"/>
            <field name="image" type="base64" file="hawk_report/static/src/img/safety/Front Cover Image.png"/>
        </record>

        <record id="report_template_front_cover" model="hawk.analysis.report.template.component">
            <field name="name">Front Cover</field>
            <field name="qweb_keyword">front_cover</field>
            <field name="template_id" ref="hawk_analysis_report_template_safety"/>
            <field name="image" type="base64" file="hawk_report/static/src/img/safety/Hawk Safety Module Report - Front Cover Overlay.png"/>
        </record>

        <record id="report_template_back_cover" model="hawk.analysis.report.template.component">
            <field name="name">Back Cover</field>
            <field name="qweb_keyword">back_cover</field>
            <field name="template_id" ref="hawk_analysis_report_template_safety"/>
            <field name="image" type="base64" file="hawk_report/static/src/img/safety/Hawk Safety Module Report - Back Cover.png"/>
        </record>

        <record id="report_template_divider_overlay" model="hawk.analysis.report.template.component">
            <field name="name">Divider Overlay</field>
            <field name="qweb_keyword">divider_overlay</field>
            <field name="template_id" ref="hawk_analysis_report_template_safety"/>
            <field name="image" type="base64" file="hawk_report/static/src/img/safety/Hawk Safety Module Report - Divider Overlay Overlay.png"/>

        </record>

        <record id="report_template_summary_header" model="hawk.analysis.report.template.component">
            <field name="name">Summary Header</field>
            <field name="qweb_keyword">summary_header</field>
            <field name="template_id" ref="hawk_analysis_report_template_safety"/>
            <field name="image" type="base64" file="hawk_report/static/src/img/safety/summary_header.png"/>
        </record>

        <record id="report_template_chapter_header" model="hawk.analysis.report.template.component">
            <field name="name">Chapter Header</field>
            <field name="qweb_keyword">chapter_header</field>
            <field name="template_id" ref="hawk_analysis_report_template_safety"/>
            <field name="image" type="base64" file="hawk_report/static/src/img/safety/chapter_header.png"/>
        </record>

        <record id="report_template_header" model="hawk.analysis.report.template.component">
            <field name="name">Header</field>
            <field name="qweb_keyword">header</field>
            <field name="template_id" ref="hawk_analysis_report_template_safety"/>
            <field name="image" type="base64" file="hawk_report/static/src/img/safety/header.png"/>
        </record>

        <record id="report_template_chapter_footer" model="hawk.analysis.report.template.component">
            <field name="name">Chapter Footer</field>
            <field name="qweb_keyword">chapter_footer</field>
            <field name="template_id" ref="hawk_analysis_report_template_safety"/>
            <field name="image" type="base64" file="hawk_report/static/src/img/safety/chapter_footer.png"/>
        </record>

        <record id="report_template_footer" model="hawk.analysis.report.template.component">
            <field name="name">Footer</field>
            <field name="qweb_keyword">footer</field>
            <field name="template_id" ref="hawk_analysis_report_template_safety"/>
            <field name="image" type="base64" file="hawk_report/static/src/img/safety/footer.png"/>
        </record>

        <record id="report_template_exec_summary" model="hawk.analysis.report.template.component">
            <field name="name">Executive Summary</field>
            <field name="qweb_keyword">executive_summary</field>
            <field name="template_id" ref="hawk_analysis_report_template_safety"/>
            <field name="image" type="base64" file="hawk_report/static/src/img/safety/Images.png"/>
        </record>

        <record id="report_template_assessment_ctx" model="hawk.analysis.report.template.component">
            <field name="name">Assessment Context</field>
            <field name="qweb_keyword">assessment_context</field>
            <field name="template_id" ref="hawk_analysis_report_template_safety"/>
            <field name="image" type="base64" file="hawk_report/static/src/img/safety/Images2.png"/>
        </record>

        <record id="report_template_results_glance" model="hawk.analysis.report.template.component">
            <field name="name">Results at a Glance</field>
            <field name="qweb_keyword">results_glance</field>
            <field name="template_id" ref="hawk_analysis_report_template_safety"/>
            <field name="image" type="base64" file="hawk_report/static/src/img/safety/Images3.png"/>
        </record>

        <record id="report_template_score_method" model="hawk.analysis.report.template.component">
            <field name="name">Scoring Methodology</field>
            <field name="qweb_keyword">score_method</field>
            <field name="template_id" ref="hawk_analysis_report_template_safety"/>
            <field name="image" type="base64" file="hawk_report/static/src/img/safety/Images4.png"/>
        </record>

        <record id="report_template_appendix_a" model="hawk.analysis.report.template.component">
            <field name="name">Appendix A</field>
            <field name="qweb_keyword">appendix_a</field>
            <field name="template_id" ref="hawk_analysis_report_template_safety"/>
            <field name="image" type="base64" file="hawk_report/static/src/img/safety/Images5.png"/>
        </record>

        <record id="report_template_appendix_b" model="hawk.analysis.report.template.component">
            <field name="name">Appendix B</field>
            <field name="qweb_keyword">appendix_b</field>
            <field name="template_id" ref="hawk_analysis_report_template_safety"/>
            <field name="image" type="base64" file="hawk_report/static/src/img/safety/Images6.png"/>
        </record>

<!--        <record id="report_template_t_and_c" model="hawk.analysis.report.template.component">-->
<!--            <field name="name">T&amp;C</field>-->
<!--            <field name="qweb_keyword">t_and_c</field>-->
<!--            <field name="template_id" ref="hawk_analysis_report_template_safety"/>-->
<!--            <field name="image" type="base64" file="hawk_report/static/src/img/safety/Images7.png"/>-->
<!--        </record>-->

    </data>
</odoo>