<?xml version="1.0" encoding="utf-8"?>
<odoo>
    <data noupdate="0">
        <record id="sign_template_type_safety_module" model="sign.template.type">
            <field name="name">Safety Module Report</field>
        </record>
        <record id="sign_template_type_quality_module" model="sign.template.type">
            <field name="name">Quality Module Report</field>
        </record>
        <record id="sign_template_type_health_module" model="sign.template.type">
            <field name="name">Health Module Report</field>
        </record>
        <record id="sign_template_type_environment_module" model="sign.template.type">
            <field name="name">Environment Module Report</field>
        </record>

        <record id="sign_template_tag_99" model="sign.template.tag">
            <field name="name">Safety</field>
            <field name="color">9</field>
        </record>
        <record id="sign_template_tag_98" model="sign.template.tag">
            <field name="name">Quality</field>
            <field name="color">8</field>
        </record>
        <record id="sign_template_tag_97" model="sign.template.tag">
            <field name="name">Health</field>
            <field name="color">7</field>
        </record>
        <record id="sign_template_tag_96" model="sign.template.tag">
            <field name="name">Environment</field>
            <field name="color">6</field>
        </record>
    </data>
</odoo>