<?xml version="1.0" encoding="utf-8"?>
<odoo>
    <data noupdate="1">
        <record id="hawk_base.outsource_partner" model="res.partner">
            <field name="name">24x7 Direct</field>
            <field name="company_id" eval="None"/>
            <field name="is_company" eval="True"/>
            <field name="street">25 Ninevah Cres</field>
            <field name="street2">Wheelers Hill</field>
            <field name="city">Melbourne</field>
            <field name="zip">3000</field>
            <field name="state_id" ref="base.state_au_7"/>
            <field name="country_id" ref="base.au"/>
            <field name="phone">+61 3 9014 1414</field>
            <field name="email">admin@24x7direct.com.au</field>
            <field name="website">www.24x7direct.com.au</field>
            <field name="image_1920" type="base64" file="hawk_base/static/img/24x7direct_logo.png"/>
        </record>
        <record id="hawk_base.outsource_company" model="res.company">
            <field name="name">24x7 Direct</field>
            <field name="partner_id" ref="hawk_base.outsource_partner"/>
            <field name="currency_id" ref="base.AUD"/>
            <field name="street">25 Ninevah Cres</field>
            <field name="street2">Wheelers Hill</field>
            <field name="city">Melbourne</field>
            <field name="zip">3000</field>
            <field name="state_id" ref="base.state_au_7"/>
            <field name="country_id" ref="base.au"/>
            <field name="phone">+61 3 9014 1414</field>
            <field name="email">admin@24x7direct.com.au</field>
            <field name="website">www.24x7direct.com.au</field>
        </record>

        <record model="res.partner" id="hawk_base.partner_team_leaderA">
            <field name="name">Team Leader A</field>
            <field name='parent_id' ref='hawk_base.outsource_partner'/>
            <field name="street">25 Ninevah Cres</field>
            <field name="street2">Wheelers Hill</field>
            <field name="city">Melbourne</field>
            <field name="zip">3000</field>
            <field name="state_id" ref="base.state_au_7"/>
            <field name="country_id" ref="base.au"/>
            <field name="phone">+1 555-555-5555</field>
            <field name="email">teamleadera@24x7direct.com.au</field>
            <field name="tz">Australia/Melbourne</field>
        </record>

        <record id="user_team_leaderA" model="res.users">
            <field name="login">tla</field>
            <field name="password">123</field>
            <field name="partner_id" ref="hawk_base.partner_team_leaderA"/>
            <field name="company_id" ref="hawk_base.outsource_company"/>
            <field name="company_ids" eval="[(4, ref('hawk_base.outsource_company'))]"/>
            <field name="groups_id" eval="[(6,0,[ref('hawk_base.group_hawk_leader')])]"/>
            <field name="signature"><![CDATA[<span>-- <br/>
Team Leader A</span>]]></field>
        </record>

        <record model="res.partner" id="hawk_base.partner_team_leaderB">
            <field name="name">Team Leader B</field>
            <field name='parent_id' ref='hawk_base.outsource_partner'/>
            <field name="street">25 Ninevah Cres</field>
            <field name="street2">Wheelers Hill</field>
            <field name="city">Melbourne</field>
            <field name="zip">3000</field>
            <field name="state_id" ref="base.state_au_7"/>
            <field name="country_id" ref="base.au"/>
            <field name="phone">+1 555-555-5555</field>
            <field name="email">teamleaderb@24x7direct.com.au</field>
            <field name="tz">Australia/Melbourne</field>
        </record>

        <record id="user_team_leaderB" model="res.users">
            <field name="login">tlb</field>
            <field name="password">123</field>
            <field name="partner_id" ref="hawk_base.partner_team_leaderB"/>
            <field name="company_id" ref="hawk_base.outsource_company"/>
            <field name="company_ids" eval="[(4, ref('hawk_base.outsource_company'))]"/>
            <field name="groups_id" eval="[(6,0,[ref('hawk_base.group_hawk_leader')])]"/>
            <field name="signature"><![CDATA[<span>-- <br/>
Team Leader B</span>]]></field>
        </record>

        <record model="res.partner" id="hawk_base.partner_team_leaderC">
            <field name="name">Team Leader C</field>
            <field name='parent_id' ref='hawk_base.outsource_partner'/>
            <field name="street">25 Ninevah Cres</field>
            <field name="street2">Wheelers Hill</field>
            <field name="city">Melbourne</field>
            <field name="zip">3000</field>
            <field name="state_id" ref="base.state_au_7"/>
            <field name="country_id" ref="base.au"/>
            <field name="phone">+1 555-555-5555</field>
            <field name="email">teamleaderc@24x7direct.com.au</field>
            <field name="tz">Australia/Melbourne</field>
        </record>

        <record id="user_team_leaderC" model="res.users">
            <field name="login">tlc</field>
            <field name="password">123</field>
            <field name="partner_id" ref="hawk_base.partner_team_leaderC"/>
            <field name="company_id" ref="hawk_base.outsource_company"/>
            <field name="company_ids" eval="[(4, ref('hawk_base.outsource_company'))]"/>
            <field name="groups_id" eval="[(6,0,[ref('hawk_base.group_hawk_leader')])]"/>
            <field name="signature"><![CDATA[<span>-- <br/>
Team Leader C</span>]]></field>
        </record>

        <record model="res.partner" id="hawk_base.partner_analystA">
            <field name="name">Analyst A</field>
            <field name='parent_id' ref='hawk_base.outsource_partner'/>
            <field name="street">25 Ninevah Cres</field>
            <field name="street2">Wheelers Hill</field>
            <field name="city">Melbourne</field>
            <field name="zip">3000</field>
            <field name="state_id" ref="base.state_au_7"/>
            <field name="country_id" ref="base.au"/>
            <field name="phone">+1 555-555-5555</field>
            <field name="email">analysta@24x7direct.com.au</field>
            <field name="tz">Australia/Melbourne</field>
        </record>

        <record id="user_analystA" model="res.users">
            <field name="login">analysta</field>
            <field name="password">123</field>
            <field name="partner_id" ref="hawk_base.partner_analystA"/>
            <field name="company_id" ref="hawk_base.outsource_company"/>
            <field name="company_ids" eval="[(4, ref('hawk_base.outsource_company'))]"/>
            <field name="groups_id" eval="[(6,0,[ref('hawk_base.group_hawk_analyst')])]"/>
            <field name="signature"><![CDATA[<span>-- <br/>
Analyst A</span>]]></field>
        </record>

        <record model="res.partner" id="hawk_base.partner_analystB">
            <field name="name">Analyst B</field>
            <field name='parent_id' ref='hawk_base.outsource_partner'/>
            <field name="street">25 Ninevah Cres</field>
            <field name="street2">Wheelers Hill</field>
            <field name="city">Melbourne</field>
            <field name="zip">3000</field>
            <field name="state_id" ref="base.state_au_7"/>
            <field name="country_id" ref="base.au"/>
            <field name="phone">+1 555-555-5555</field>
            <field name="email">analystb@24x7direct.com.au</field>
            <field name="tz">Australia/Melbourne</field>
        </record>

        <record id="user_analystB" model="res.users">
            <field name="login">analystb</field>
            <field name="password">123</field>
            <field name="partner_id" ref="hawk_base.partner_analystB"/>
            <field name="company_id" ref="hawk_base.outsource_company"/>
            <field name="company_ids" eval="[(4, ref('hawk_base.outsource_company'))]"/>
            <field name="groups_id" eval="[(6,0,[ref('hawk_base.group_hawk_analyst')])]"/>
            <field name="signature"><![CDATA[<span>-- <br/>
Analyst B</span>]]></field>
        </record>

        <record model="res.partner" id="hawk_base.partner_analystC">
            <field name="name">Analyst C</field>
            <field name='parent_id' ref='hawk_base.outsource_partner'/>
            <field name="street">25 Ninevah Cres</field>
            <field name="street2">Wheelers Hill</field>
            <field name="city">Melbourne</field>
            <field name="zip">3000</field>
            <field name="state_id" ref="base.state_au_7"/>
            <field name="country_id" ref="base.au"/>
            <field name="phone">+1 555-555-5555</field>
            <field name="email">analystc@24x7direct.com.au</field>
            <field name="tz">Australia/Melbourne</field>
        </record>

        <record id="user_analystC" model="res.users">
            <field name="login">analystc</field>
            <field name="password">123</field>
            <field name="partner_id" ref="hawk_base.partner_analystC"/>
            <field name="company_id" ref="hawk_base.outsource_company"/>
            <field name="company_ids" eval="[(4, ref('hawk_base.outsource_company'))]"/>
            <field name="groups_id" eval="[(6,0,[ref('hawk_base.group_hawk_analyst')])]"/>
            <field name="signature"><![CDATA[<span>-- <br/>
Analyst C</span>]]></field>
        </record>

        <record model="res.partner" id="hawk_base.partner_analystD">
            <field name="name">Analyst D</field>
            <field name='parent_id' ref='hawk_base.outsource_partner'/>
            <field name="street">25 Ninevah Cres</field>
            <field name="street2">Wheelers Hill</field>
            <field name="city">Melbourne</field>
            <field name="zip">3000</field>
            <field name="state_id" ref="base.state_au_7"/>
            <field name="country_id" ref="base.au"/>
            <field name="phone">+1 555-555-5555</field>
            <field name="email">analystd@24x7direct.com.au</field>
            <field name="tz">Australia/Melbourne</field>
        </record>

        <record id="user_analystD" model="res.users">
            <field name="login">analystd</field>
            <field name="password">123</field>
            <field name="partner_id" ref="hawk_base.partner_analystD"/>
            <field name="company_id" ref="hawk_base.outsource_company"/>
            <field name="company_ids" eval="[(4, ref('hawk_base.outsource_company'))]"/>
            <field name="groups_id" eval="[(6,0,[ref('hawk_base.group_hawk_analyst')])]"/>
            <field name="signature"><![CDATA[<span>-- <br/>
Analyst D</span>]]></field>
        </record>

    </data>
</odoo>