<?xml version="1.0" encoding="utf-8"?>
<odoo>
    <data noupdate="1">
        <record id="partner_sam" model="res.partner">
            <field name="name">Samantha Woodward</field>
            <field name='parent_id' ref='base.main_partner'/>
            <field name="company_id" ref="base.main_company"/>
            <field name="street">25 Ninevah Cres</field>
            <field name="street2">Wheelers Hill</field>
            <field name="city">Melbourne</field>
            <field name="zip">3000</field>
            <field name="state_id" ref="base.state_au_7"/>
            <field name="country_id" ref="base.au"/>
            <field name="phone">+1 555-555-5555</field>
            <field name="mobile">+1 555-555-5555</field>
            <field name="email">s.woodward@think-savvy.com</field>
            <field name="tz">Australia/Melbourne</field>
        </record>

        <record id="user_sam" model="res.users">
            <field name="login">s.woodward@think-savvy.com</field>
            <field name="password">sam</field>
            <field name="partner_id" ref="partner_sam"/>
            <field name="company_id" ref="base.main_company"/>
            <field name="company_ids" eval="[(4, ref('base.main_company'))]"/>
            <field name="groups_id" eval="[(6,0,[ref('hawk_base.group_hawk_manager'),
            ref('hawk_base.group_hawk_admin')])]"/>
            <field name="notification_type">inbox</field>
            <field name="image_1920" type="base64" file="hawk_base/static/img/sam_img.png"/>
        </record>

        <record id="partner_omid" model="res.partner">
            <field name="name">Omid Ghasemi</field>
            <field name='parent_id' ref='base.main_partner'/>
            <field name="company_id" ref="base.main_company"/>
            <field name="street">25 Ninevah Cres</field>
            <field name="street2">Wheelers Hill</field>
            <field name="city">Melbourne</field>
            <field name="zip">3000</field>
            <field name="state_id" ref="base.state_au_7"/>
            <field name="country_id" ref="base.au"/>
            <field name="phone">+1 555-555-5555</field>
            <field name="mobile">+1 555-555-5555</field>
            <field name="email">o.ghasemi@think-savvy.com</field>
            <field name="tz">Australia/Melbourne</field>
        </record>

        <record id="user_omid" model="res.users">
            <field name="login">omid</field>
            <field name="password">omid</field>
            <field name="partner_id" ref="partner_omid"/>
            <field name="company_id" ref="base.main_company"/>
            <field name="company_ids" eval="[(4, ref('base.main_company'))]"/>
            <field name="groups_id" eval="[(6,0,[ref('hawk_base.group_hawk_leader')])]"/>
            <field name="notification_type">inbox</field>
            <field name="image_1920" type="base64" file="hawk_base/static/img/omid_img.jpg"/>
        </record>

        <record id="partner_lac" model="res.partner">
            <field name="name">Lachlan Bryce</field>
            <field name='parent_id' ref='base.main_partner'/>
            <field name="company_id" ref="base.main_company"/>
            <field name="street">25 Ninevah Cres</field>
            <field name="street2">Wheelers Hill</field>
            <field name="city">Melbourne</field>
            <field name="zip">3000</field>
            <field name="state_id" ref="base.state_au_7"/>
            <field name="country_id" ref="base.au"/>
            <field name="phone">+1 555-555-5555</field>
            <field name="mobile">+1 555-555-5555</field>
            <field name="email">l.bryce@think-savvy.com</field>
            <field name="tz">Australia/Melbourne</field>
        </record>

        <record id="user_lac" model="res.users">
            <field name="login">lac</field>
            <field name="password">lac</field>
            <field name="partner_id" ref="partner_lac"/>
            <field name="company_id" ref="base.main_company"/>
            <field name="company_ids" eval="[(4, ref('base.main_company'))]"/>
            <field name="groups_id" eval="[(6,0,[ref('hawk_base.group_hawk_analyst'),
            ref('hawk_base.group_hawk_manager')])]"/>
            <field name="notification_type">inbox</field>
            <field name="image_1920" type="base64" file="hawk_base/static/img/lac_img.jpg"/>
        </record>

        <record id="partner_arm" model="res.partner">
            <field name="name">Arman Castro</field>
            <field name='parent_id' ref='base.main_partner'/>
            <field name="company_id" ref="base.main_company"/>
            <field name="street">25 Ninevah Cres</field>
            <field name="street2">Wheelers Hill</field>
            <field name="city">Melbourne</field>
            <field name="zip">3000</field>
            <field name="state_id" ref="base.state_au_7"/>
            <field name="country_id" ref="base.au"/>
            <field name="phone">+1 555-555-5555</field>
            <field name="mobile">+1 555-555-5555</field>
            <field name="email">a.castro@sancorium.tech</field>
            <field name="tz">Australia/Melbourne</field>
        </record>

        <record id="user_arm" model="res.users">
            <field name="login">arm</field>
            <field name="password">arm</field>
            <field name="partner_id" ref="partner_arm"/>
            <field name="company_id" ref="base.main_company"/>
            <field name="company_ids" eval="[(4, ref('base.main_company'))]"/>
            <field name="groups_id" eval="[(6,0,[ref('hawk_base.group_hawk_analyst')])]"/>
            <field name="notification_type">inbox</field>
            <field name="image_1920" type="base64" file="hawk_base/static/img/arm_img.jpeg"/>
        </record>

        <record id="partner_cub" model="res.partner">
            <field name="name">Cuburt Balanon</field>
            <field name='parent_id' ref='base.main_partner'/>
            <field name="company_id" ref="base.main_company"/>
            <field name="street">25 Ninevah Cres</field>
            <field name="street2">Wheelers Hill</field>
            <field name="city">Melbourne</field>
            <field name="zip">3000</field>
            <field name="state_id" ref="base.state_au_7"/>
            <field name="country_id" ref="base.au"/>
            <field name="phone">+1 555-555-5555</field>
            <field name="mobile">+1 555-555-5555</field>
            <field name="email">c.balanon@sancorium.tech</field>
            <field name="tz">Australia/Melbourne</field>
        </record>

        <record id="user_cub" model="res.users">
            <field name="login">cub</field>
            <field name="password">cub</field>
            <field name="partner_id" ref="partner_cub"/>
            <field name="company_id" ref="base.main_company"/>
            <field name="company_ids" eval="[(4, ref('base.main_company'))]"/>
            <field name="groups_id" eval="[(6,0,[ref('hawk_base.group_hawk_analyst')])]"/>
            <field name="notification_type">inbox</field>
            <field name="image_1920" type="base64" file="hawk_base/static/img/cub_img.jpg"/>
        </record>

        <record id="partner_ace" model="res.partner">
            <field name="name">Portgas D. Ace</field>
            <field name='parent_id' ref='base.main_partner'/>
            <field name="company_id" ref="base.main_company"/>
            <field name="street">25 Ninevah Cres</field>
            <field name="street2">Wheelers Hill</field>
            <field name="city">Melbourne</field>
            <field name="zip">3000</field>
            <field name="state_id" ref="base.state_au_7"/>
            <field name="country_id" ref="base.au"/>
            <field name="phone">+1 555-555-5555</field>
            <field name="mobile">+1 555-555-5555</field>
            <field name="email">a.portgas@sancorium.tech</field>
            <field name="tz">Australia/Melbourne</field>
        </record>

        <record id="user_ace" model="res.users">
            <field name="login">ace</field>
            <field name="password">ace</field>
            <field name="partner_id" ref="partner_ace"/>
            <field name="company_id" ref="base.main_company"/>
            <field name="company_ids" eval="[(4, ref('base.main_company'))]"/>
            <field name="groups_id" eval="[(6,0,[ref('hawk_base.group_hawk_analyst')])]"/>
            <field name="notification_type">inbox</field>
            <field name="image_1920" type="base64" file="hawk_base/static/img/ace_img.jpg"/>
        </record>

        <record id="partner_que" model="res.partner">
            <field name="name">Queen Aurora</field>
            <field name='parent_id' ref='base.main_partner'/>
            <field name="company_id" ref="base.main_company"/>
            <field name="street">25 Ninevah Cres</field>
            <field name="street2">Wheelers Hill</field>
            <field name="city">Melbourne</field>
            <field name="zip">3000</field>
            <field name="state_id" ref="base.state_au_7"/>
            <field name="country_id" ref="base.au"/>
            <field name="phone">+1 555-555-5555</field>
            <field name="mobile">+1 555-555-5555</field>
            <field name="email">q.aurora@sancorium.tech</field>
            <field name="tz">Australia/Melbourne</field>
        </record>

        <record id="user_que" model="res.users">
            <field name="login">que</field>
            <field name="password">que</field>
            <field name="partner_id" ref="partner_que"/>
            <field name="company_id" ref="base.main_company"/>
            <field name="company_ids" eval="[(4, ref('base.main_company'))]"/>
            <field name="groups_id" eval="[(6,0,[ref('hawk_base.group_hawk_qa')])]"/>
            <field name="notification_type">inbox</field>
            <field name="image_1920" type="base64" file="hawk_base/static/img/qa_img.jpg"/>
        </record>

        <record id="partner_crm" model="res.partner">
            <field name="name">Connie R. Mendez</field>
            <field name='parent_id' ref='base.main_partner'/>
            <field name="company_id" ref="base.main_company"/>
            <field name="street">25 Ninevah Cres</field>
            <field name="street2">Wheelers Hill</field>
            <field name="city">Melbourne</field>
            <field name="zip">3000</field>
            <field name="state_id" ref="base.state_au_7"/>
            <field name="country_id" ref="base.au"/>
            <field name="phone">+1 555-555-5555</field>
            <field name="mobile">+1 555-555-5555</field>
            <field name="email">c.mendez@sancorium.tech</field>
            <field name="tz">Australia/Melbourne</field>
        </record>

        <record id="user_crm" model="res.users">
            <field name="login">crm</field>
            <field name="password">crm</field>
            <field name="partner_id" ref="partner_crm"/>
            <field name="company_id" ref="base.main_company"/>
            <field name="company_ids" eval="[(4, ref('base.main_company'))]"/>
            <field name="groups_id" eval="[(6,0,[ref('hawk_base.group_hawk_client_manager')])]"/>
            <field name="notification_type">inbox</field>
            <field name="image_1920" type="base64" file="hawk_base/static/img/crm_img.jpg"/>
        </record>
    </data>
</odoo>