<?xml version="1.0" encoding="utf-8"?>
<odoo>
    <data noupdate="1">
        <record id="demo_safety_questionnaire_form" model="survey.survey">
            <field name="title">Safety Analysis Questionnaire (DEMO)</field>
            <field name="access_token">6e5376fa-07c0-4627-ab29-f700f7dbd119</field>
            <field name="state">draft</field>
            <field name="access_mode">public</field>
            <field name="users_login_required" eval="True"/>
            <field name="questions_layout">page_per_question</field>
            <field name="progression_mode">number</field>
            <field name="is_time_limited" eval="False"/>
<!--            <field name="time_limit">10080</field>-->
            <field name="questions_selection">all</field>
            <field name="users_can_go_back" eval="True"/>
            <field name="scoring_type">no_scoring</field>
            <field name="description" type="html">
                <p>Write the description here</p>
            </field>
            <field name="background_image" type="base64" file="hawk_survey/static/src/img/survey_background.jpg"/>
        </record>
        
<!--        CONTEXT-->
        <record id="demo_safety_question_context_cat_1" model="survey.question">
            <field name="title">1 Context of the Tenderer</field>
            <field name="survey_id" ref="demo_safety_questionnaire_form"/>
            <field name="category_id" ref="hawk_survey.category_1"/>
            <field name="sequence">1</field>
            <field name="question_type" eval="False"/>
            <field name="is_page" eval="True"/>
            <field name="description" type="html">
                <p>1.1 Context of the Tenderer</p>
            </field>
        </record>

        <!-- Question No. 1 -->
        <record id="demo_safety_question_context_q1" model="survey.question">
            <field name="survey_id" ref="demo_safety_questionnaire_form"/>
            <field name="sequence">2</field>
            <field name="title">
                The Tenderer has determined external and internal issues that are relevant to its purpose and that affect
                its ability to achieve the intended outcome(s) of its OH&amp;S management system.</field>
            <field name="question_type">simple_choice</field>
            <field name="comments_allowed" eval="True"/>
            <field name="comments_message">Findings / Evidences</field>
            <field name="constr_mandatory" eval="False"/>
        </record>

        <!-- Question No. 1 (CHOICES) -->
            <record id="demo_safety_question_context_q1_ans1" model="survey.question.answer">
                <field name="question_id" ref="demo_safety_question_context_q1"/>
                <field name="sequence">1</field>
                <field name="value">Not Applicable</field>
                <field name="answer_score">0</field>
            </record>
            <record id="demo_safety_question_context_q1_ans2" model="survey.question.answer">
                <field name="question_id" ref="demo_safety_question_context_q1"/>
                <field name="sequence">2</field>
                <field name="value">No relevant document submitted. Or the submitted document cannot be evaluated.</field>
                <field name="answer_score">1</field>
            </record>
            <record id="demo_safety_question_context_q1_ans3" model="survey.question.answer">
                <field name="question_id" ref="demo_safety_question_context_q1"/>
                <field name="sequence">3</field>
                <field name="value">The Tenderer has not sufficiently determined external and internal issues that are
                    relevant to its purpose and that affect its ability to achieve the intended outcome(s) of its OH&amp;S management system.</field>
                <field name="answer_score">3</field>
            </record>
            <record id="demo_safety_question_context_q1_ans4" model="survey.question.answer">
                <field name="question_id" ref="demo_safety_question_context_q1"/>
                <field name="sequence">4</field>
                <field name="value">The Tenderer has partially determined external and internal issues that are relevant
                    to its purpose and that affect its ability to achieve the intended outcome(s) of its OH&amp;S management system.</field>
                <field name="answer_score">6</field>
            </record>
            <record id="demo_safety_question_context_q1_ans5" model="survey.question.answer">
                <field name="question_id" ref="demo_safety_question_context_q1"/>
                <field name="sequence">5</field>
                <field name="value">The Tenderer has comprehensively determined external and internal issues that are
                    relevant to its purpose and that affect its ability to achieve the intended outcome(s) of its OH&amp;S management system.</field>
                <field name="answer_score">10</field>
            </record>
        

        <!-- Question No. 2 -->
        <record id="demo_safety_question_context_q2" model="survey.question">
            <field name="survey_id" ref="demo_safety_questionnaire_form"/>
            <field name="sequence">3</field>
            <field name="title">
                The Tenderer has determined the other interested parties, in addition to workers, that are relevant to the OH&amp;S management system.</field>
            <field name="question_type">simple_choice</field>
            <field name="comments_allowed" eval="True"/>
            <field name="comments_message">Findings / Evidences</field>
            <field name="constr_mandatory" eval="False"/>
        </record>

        <!-- Question No. 2 (CHOICES) -->
            <record id="demo_safety_question_context_q2_ans1" model="survey.question.answer">
                <field name="question_id" ref="demo_safety_question_context_q2"/>
                <field name="sequence">1</field>
                <field name="value">Not Applicable</field>
                <field name="answer_score">0</field>
            </record>
            <record id="demo_safety_question_context_q2_ans2" model="survey.question.answer">
                <field name="question_id" ref="demo_safety_question_context_q2"/>
                <field name="sequence">2</field>
                <field name="value">No relevant document submitted. Or the submitted document cannot be evaluated.</field>
                <field name="answer_score">1</field>
            </record>
            <record id="demo_safety_question_context_q2_ans3" model="survey.question.answer">
                <field name="question_id" ref="demo_safety_question_context_q2"/>
                <field name="sequence">3</field>
                <field name="value">The Tenderer has not sufficiently determined the other interested parties, in addition
                    to workers, that are relevant to the OH&amp;S management system</field>
                <field name="answer_score">3</field>
            </record>
            <record id="demo_safety_question_context_q2_ans4" model="survey.question.answer">
                <field name="question_id" ref="demo_safety_question_context_q2"/>
                <field name="sequence">4</field>
                <field name="value">The Tenderer has partially determined the other interested parties, in addition to
                    workers, that are relevant to the OH&amp;S management system</field>
                <field name="answer_score">6</field>
            </record>
            <record id="demo_safety_question_context_q2_ans5" model="survey.question.answer">
                <field name="question_id" ref="demo_safety_question_context_q2"/>
                <field name="sequence">5</field>
                <field name="value">The Tenderer comprehensively has determined the other interested parties,
                    in addition to workers, that are relevant to the OH&amp;S management system</field>
                <field name="answer_score">10</field>
            </record>

        <!-- Question No. 3 -->
        <record id="demo_safety_question_context_q3" model="survey.question">
            <field name="survey_id" ref="demo_safety_questionnaire_form"/>
            <field name="sequence">4</field>
            <field name="title">
                The Tenderer has determined the relevant needs and expectations (i.e. requirements) of workers and other interested parties</field>
            <field name="question_type">simple_choice</field>
            <field name="comments_allowed" eval="True"/>
            <field name="comments_message">Findings / Evidences</field>
            <field name="constr_mandatory" eval="False"/>
        </record>

        <!-- Question No. 3 (CHOICES) -->
            <record id="demo_safety_question_context_q3_ans1" model="survey.question.answer">
                <field name="question_id" ref="demo_safety_question_context_q3"/>
                <field name="sequence">1</field>
                <field name="value">Not Applicable</field>
                <field name="answer_score">0</field>
            </record>
            <record id="demo_safety_question_context_q3_ans2" model="survey.question.answer">
                <field name="question_id" ref="demo_safety_question_context_q3"/>
                <field name="sequence">2</field>
                <field name="value">No relevant document submitted. Or the submitted document cannot be evaluated.</field>
                <field name="answer_score">1</field>
            </record>
            <record id="demo_safety_question_context_q3_ans3" model="survey.question.answer">
                <field name="question_id" ref="demo_safety_question_context_q3"/>
                <field name="sequence">3</field>
                <field name="value">The Tenderer has not sufficiently determined the relevant needs and expectations
                    (i.e. requirements) of workers and other interested parties</field>
                <field name="answer_score">3</field>
            </record>
            <record id="demo_safety_question_context_q3_ans4" model="survey.question.answer">
                <field name="question_id" ref="demo_safety_question_context_q3"/>
                <field name="sequence">4</field>
                <field name="value">The Tenderer has partially determined the relevant needs and expectations
                    (i.e. requirements) of workers and other interested parties</field>
                <field name="answer_score">6</field>
            </record>
            <record id="demo_safety_question_context_q3_ans5" model="survey.question.answer">
                <field name="question_id" ref="demo_safety_question_context_q3"/>
                <field name="sequence">5</field>
                <field name="value">The Tenderer has comprehensively determined the relevant needs and expectations
                    (i.e. requirements) of workers and other interested parties</field>
                <field name="answer_score">10</field>
            </record>
        
<!--        LEADERSHIP-->
        <record id="demo_safety_question_leadership_cat_1" model="survey.question">
            <field name="title">2 Leadership and worker participation</field>
            <field name="survey_id" ref="demo_safety_questionnaire_form"/>
            <field name="category_id" ref="hawk_survey.category_2"/>
            <field name="sequence">5</field>
            <field name="question_type" eval="False"/>
            <field name="is_page" eval="True"/>
            <field name="description" type="html">
                <p>2.2 Leadership of the Tenderer</p>
            </field>
        </record>
        

                <!-- Question No. 10 -->
        <record id="demo_safety_question_leadership_q10" model="survey.question">
            <field name="survey_id" ref="demo_safety_questionnaire_form"/>
            <field name="sequence">6</field>
            <field name="title">
                Top management has demonstrated leadership and commitment with respect to the OH&amp;S management system by
                taking overall responsibility and accountability for the prevention of work-related injury and ill health,
                as well as the provision of safe and healthy workplaces and activities</field>
            <field name="question_type">simple_choice</field>
            <field name="comments_allowed" eval="True"/>
            <field name="comments_message">Findings / Evidences</field>
            <field name="constr_mandatory" eval="False"/>
        </record>

        <!-- Question No. 10 (CHOICES) -->
            <record id="demo_safety_question_leadership_q10_ans1" model="survey.question.answer">
                <field name="question_id" ref="demo_safety_question_leadership_q10"/>
                <field name="sequence">1</field>
                <field name="value">Not Applicable</field>
                <field name="answer_score">0</field>
            </record>
            <record id="demo_safety_question_leadership_q10_ans2" model="survey.question.answer">
                <field name="question_id" ref="demo_safety_question_leadership_q10"/>
                <field name="sequence">2</field>
                <field name="value">No relevant document submitted. Or the submitted document cannot be evaluated.</field>
                <field name="answer_score">1</field>
            </record>
            <record id="demo_safety_question_leadership_q10_ans3" model="survey.question.answer">
                <field name="question_id" ref="demo_safety_question_leadership_q10"/>
                <field name="sequence">3</field>
                <field name="value">Top management has not sufficiently demonstrated leadership and commitment with respect
                    to the OH&amp;S management system by taking minimum responsibility and accountability for the prevention of
                    work-related injury and ill health, as well as the provision of safe and healthy workplaces and activities</field>
                <field name="answer_score">3</field>
            </record>
            <record id="demo_safety_question_leadership_q10_ans4" model="survey.question.answer">
                <field name="question_id" ref="demo_safety_question_leadership_q10"/>
                <field name="sequence">4</field>
                <field name="value">Top management has partially demonstrated leadership and commitment with respect to the
                    OH&amp;S management system by taking partial responsibility and accountability for the prevention of
                    work-related injury and ill health, as well as the provision of safe and healthy workplaces and activities;</field>
                <field name="answer_score">6</field>
            </record>
            <record id="demo_safety_question_leadership_q10_ans5" model="survey.question.answer">
                <field name="question_id" ref="demo_safety_question_leadership_q10"/>
                <field name="sequence">5</field>
                <field name="value">The scope is available as documented information, and it covers all circumstances.</field>
                <field name="answer_score">10</field>
            </record>

        <!-- Question No. 11 -->
        <record id="demo_safety_question_leadership_q11" model="survey.question">
            <field name="survey_id" ref="demo_safety_questionnaire_form"/>
            <field name="sequence">7</field>
            <field name="title">
                Top management has demonstrated leadership and commitment with respect to the OH&amp;S management system by
                ensuring that the OH&amp;S policy and related OH&amp;S objectives are established and are compatible with the strategic direction of the Tenderer;</field>
            <field name="question_type">simple_choice</field>
            <field name="comments_allowed" eval="True"/>
            <field name="comments_message">Findings / Evidences</field>
            <field name="constr_mandatory" eval="False"/>
        </record>

        <!-- Question No. 11 (CHOICES) -->
            <record id="demo_safety_question_leadership_q11_ans1" model="survey.question.answer">
                <field name="question_id" ref="demo_safety_question_leadership_q11"/>
                <field name="sequence">1</field>
                <field name="value">Not Applicable</field>
                <field name="answer_score">0</field>
            </record>
            <record id="demo_safety_question_leadership_q11_ans2" model="survey.question.answer">
                <field name="question_id" ref="demo_safety_question_leadership_q11"/>
                <field name="sequence">2</field>
                <field name="value">No relevant document submitted. Or the submitted document cannot be evaluated.</field>
                <field name="answer_score">1</field>
            </record>
            <record id="demo_safety_question_leadership_q11_ans3" model="survey.question.answer">
                <field name="question_id" ref="demo_safety_question_leadership_q11"/>
                <field name="sequence">3</field>
                <field name="value">Top management has not sufficiently demonstrated leadership and commitment with respect
                    to the OH&amp;S management system by minimum level of ensuring that the OH&amp;S policy and related OH&amp;S
                    objectives are established and are compatible with the strategic direction of the Tenderer;</field>
                <field name="answer_score">3</field>
            </record>
            <record id="demo_safety_question_leadership_q11_ans4" model="survey.question.answer">
                <field name="question_id" ref="demo_safety_question_leadership_q11"/>
                <field name="sequence">4</field>
                <field name="value">Top management has partially demonstrated leadership and commitment with respect to the
                    OH&amp;S management system by medium level of ensuring that the OH&amp;S policy and related OH&amp;S
                    objectives are established and are compatible with the strategic direction of the Tenderer;</field>
                <field name="answer_score">6</field>
            </record>
            <record id="demo_safety_question_leadership_q11_ans5" model="survey.question.answer">
                <field name="question_id" ref="demo_safety_question_leadership_q11"/>
                <field name="sequence">5</field>
                <field name="value">Top management has comprehensively demonstrated leadership and commitment with respect
                    to the OH&amp;S management system by ensuring that the OH&amp;S policy and related OH&amp;S objectives are
                    established and are compatible with the strategic direction of the Tenderer;</field>
                <field name="answer_score">10</field>
            </record>

        <!-- Question No. 12 -->
        <record id="demo_safety_question_leadership_q12" model="survey.question">
            <field name="survey_id" ref="demo_safety_questionnaire_form"/>
            <field name="sequence">8</field>
            <field name="title">
                Top management has demonstrated leadership and commitment with respect to the OH&amp;S management system
                by ensuring the integration of the OH&amp;S management system requirements into the Tenderer’s business processes;</field>
            <field name="question_type">simple_choice</field>
            <field name="comments_allowed" eval="True"/>
            <field name="comments_message">Findings / Evidences</field>
            <field name="constr_mandatory" eval="False"/>
        </record>

        <!-- Question No. 12 (CHOICES) -->
            <record id="demo_safety_question_leadership_q12_ans1" model="survey.question.answer">
                <field name="question_id" ref="demo_safety_question_leadership_q12"/>
                <field name="sequence">1</field>
                <field name="value">Not Applicable</field>
                <field name="answer_score">0</field>
            </record>
            <record id="demo_safety_question_leadership_q12_ans2" model="survey.question.answer">
                <field name="question_id" ref="demo_safety_question_leadership_q12"/>
                <field name="sequence">2</field>
                <field name="value">No relevant document submitted. Or the submitted document cannot be evaluated.</field>
                <field name="answer_score">1</field>
            </record>
            <record id="demo_safety_question_leadership_q12_ans3" model="survey.question.answer">
                <field name="question_id" ref="demo_safety_question_leadership_q12"/>
                <field name="sequence">3</field>
                <field name="value">Top management has not sufficiently demonstrated leadership and commitment with respect
                    to the OH&amp;S management system by minimum level of ensuring the integration of the OH&amp;S management
                    system requirements into the Tenderer’s business processes;</field>
                <field name="answer_score">3</field>
            </record>
            <record id="demo_safety_question_leadership_q12_ans4" model="survey.question.answer">
                <field name="question_id" ref="demo_safety_question_leadership_q12"/>
                <field name="sequence">4</field>
                <field name="value">Top management has partially demonstrated leadership and commitment with respect
                    to the OH&amp;S management system by medium level of ensuring the integration of the OH&amp;S
                    management system requirements into the Tenderer’s business processes;</field>
                <field name="answer_score">6</field>
            </record>
            <record id="demo_safety_question_leadership_q12_ans5" model="survey.question.answer">
                <field name="question_id" ref="demo_safety_question_leadership_q12"/>
                <field name="sequence">5</field>
                <field name="value">Top management has comprehensively demonstrated leadership and commitment with respect
                    to the OH&amp;S management system by ensuring the integration of the OH&amp;S management system
                    requirements into the Tenderer’s business processes;</field>
                <field name="answer_score">10</field>
            </record>
        
<!--        PLANNING-->
        <record id="demo_safety_question_planning_cat_1" model="survey.question">
            <field name="title">3 Planning</field>
            <field name="survey_id" ref="demo_safety_questionnaire_form"/>
            <field name="category_id" ref="hawk_survey.category_3"/>
            <field name="sequence">9</field>
            <field name="question_type" eval="False"/>
            <field name="is_page" eval="True"/>
            <field name="description" type="html">
                <p>3.3 Planning of the Tenderer</p>
            </field>
        </record>

        <!-- Question No. 44 -->
        <record id="demo_safety_question_planning_q44" model="survey.question">
            <field name="survey_id" ref="demo_safety_questionnaire_form"/>
            <field name="sequence">10</field>
            <field name="title">
                When planning for the OH&amp;S management system, the Tenderer has considered the issues related to context,
                the requirements related to interested parties and the scope of its OH&amp;S management system and determined
                the risks and opportunities that need to be addressed to give assurance that the OH&amp;S management
                system can achieve its intended outcome(s)</field>
            <field name="question_type">simple_choice</field>
            <field name="comments_allowed" eval="True"/>
            <field name="comments_message">Findings / Evidences</field>
            <field name="constr_mandatory" eval="False"/>
        </record>

        <!-- Question No. 44 (CHOICES) -->
            <record id="demo_safety_question_planning_q44_ans1" model="survey.question.answer">
                <field name="question_id" ref="demo_safety_question_planning_q44"/>
                <field name="sequence">1</field>
                <field name="value">Not Applicable</field>
                <field name="answer_score">0</field>
            </record>
            <record id="demo_safety_question_planning_q44_ans2" model="survey.question.answer">
                <field name="question_id" ref="demo_safety_question_planning_q44"/>
                <field name="sequence">2</field>
                <field name="value">No relevant document submitted. Or the submitted document cannot be evaluated.</field>
                <field name="answer_score">1</field>
            </record>
            <record id="demo_safety_question_planning_q44_ans3" model="survey.question.answer">
                <field name="question_id" ref="demo_safety_question_planning_q44"/>
                <field name="sequence">3</field>
                <field name="value">When planning for the OH&amp;S management system, the Tenderer has not considered the
                    issues related to context, the requirements related to interested parties and the scope of its OH&amp;S
                    management system and determined the risks and opportunities that need to be addressed to give assurance
                    that the OH&amp;S management system can achieve its intended outcome(s)</field>
                <field name="answer_score">3</field>
            </record>
            <record id="demo_safety_question_planning_q44_ans4" model="survey.question.answer">
                <field name="question_id" ref="demo_safety_question_planning_q44"/>
                <field name="sequence">4</field>
                <field name="value">When planning for the OH&amp;S management system, the Tenderer has partially considered
                    the issues related to context, the requirements related to interested parties and the scope of its
                    OH&amp;S management system and determined the risks and opportunities that need to be addressed to
                    assurance that the OH&amp;S management system can achieve its intended outcome(s)</field>
                <field name="answer_score">6</field>
            </record>
            <record id="demo_safety_question_planning_q44_ans5" model="survey.question.answer">
                <field name="question_id" ref="demo_safety_question_planning_q44"/>
                <field name="sequence">5</field>
                <field name="value">When planning for the OH&amp;S management system, the Tenderer has comprehensively
                    considered the issues related to context, the requirements related to interested parties and the scope
                    of its OH&amp;S management system and determined the risks and opportunities that need to be addressed to
                    give assurance that the OH&amp;S management system can achieve its intended outcome(s)</field>
                <field name="answer_score">10</field>
            </record>

        <!-- Question No. 45 -->
        <record id="demo_safety_question_planning_q45" model="survey.question">
            <field name="survey_id" ref="demo_safety_questionnaire_form"/>
            <field name="sequence">11</field>
            <field name="title">
                When planning for the OH&amp;S management system, the Tenderer has considered the issues related to
                context, the requirements related to interested parties and the scope of its OH&amp;S management system,
                and determined the risks and opportunities that need to be addressed to prevent, or reduce, undesired effects</field>
            <field name="question_type">simple_choice</field>
            <field name="comments_allowed" eval="True"/>
            <field name="comments_message">Findings / Evidences</field>
            <field name="constr_mandatory" eval="False"/>
        </record>

        <!-- Question No. 45 (CHOICES) -->
            <record id="demo_safety_question_planning_q45_ans1" model="survey.question.answer">
                <field name="question_id" ref="demo_safety_question_planning_q45"/>
                <field name="sequence">1</field>
                <field name="value">Not Applicable</field>
                <field name="answer_score">0</field>
            </record>
            <record id="demo_safety_question_planning_q45_ans2" model="survey.question.answer">
                <field name="question_id" ref="demo_safety_question_planning_q45"/>
                <field name="sequence">2</field>
                <field name="value">No relevant document submitted. Or the submitted document cannot be evaluated.</field>
                <field name="answer_score">1</field>
            </record>
            <record id="demo_safety_question_planning_q45_ans3" model="survey.question.answer">
                <field name="question_id" ref="demo_safety_question_planning_q45"/>
                <field name="sequence">3</field>
                <field name="value">When planning for the OH&amp;S management system, the Tenderer has not considered the
                    issues related to context, the requirements related to interested parties and the scope of its
                    OH&amp;S management system, and determined the risks and opportunities that need to be addressed to
                    prevent, or reduce, undesired effects</field>
                <field name="answer_score">3</field>
            </record>
            <record id="demo_safety_question_planning_q45_ans4" model="survey.question.answer">
                <field name="question_id" ref="demo_safety_question_planning_q45"/>
                <field name="sequence">4</field>
                <field name="value">When planning for the OH&amp;S management system, the Tenderer has partially considered
                    the issues related to context, the requirements related to interested parties and the scope of its
                    OH&amp;S management system, and determined the risks and opportunities that need to be addressed to
                    prevent, or reduce, undesired effects</field>
                <field name="answer_score">6</field>
            </record>
            <record id="demo_safety_question_planning_q45_ans5" model="survey.question.answer">
                <field name="question_id" ref="demo_safety_question_planning_q45"/>
                <field name="sequence">5</field>
                <field name="value">When planning for the OH&amp;S management system, the Tenderer has comprehensively considered
                    the issues related to context, the requirements related to interested parties and the scope of its
                    OH&amp;S management system, and determined the risks and opportunities that need to be addressed to
                    prevent, or reduce, undesired effects</field>
                <field name="answer_score">10</field>
            </record>

        <!-- Question No. 46 -->
        <record id="demo_safety_question_planning_q46" model="survey.question">
            <field name="survey_id" ref="demo_safety_questionnaire_form"/>
            <field name="sequence">12</field>
            <field name="title">
                When planning for the OH&amp;S management system, the Tenderer has considered the issues related to
                context, the requirements related to interested parties and the scope of its OH&amp;S management system,
                and determined the risks and opportunities that need to be addressed to achieve continual improvement.</field>
            <field name="question_type">simple_choice</field>
            <field name="comments_allowed" eval="True"/>
            <field name="comments_message">Findings / Evidences</field>
            <field name="constr_mandatory" eval="False"/>
        </record>

        <!-- Question No. 46 (CHOICES) -->
            <record id="demo_safety_question_planning_q46_ans1" model="survey.question.answer">
                <field name="question_id" ref="demo_safety_question_planning_q46"/>
                <field name="sequence">1</field>
                <field name="value">Not Applicable</field>
                <field name="answer_score">0</field>
            </record>
            <record id="demo_safety_question_planning_q46_ans2" model="survey.question.answer">
                <field name="question_id" ref="demo_safety_question_planning_q46"/>
                <field name="sequence">2</field>
                <field name="value">No relevant document submitted. Or the submitted document cannot be evaluated.</field>
                <field name="answer_score">1</field>
            </record>
            <record id="demo_safety_question_planning_q46_ans3" model="survey.question.answer">
                <field name="question_id" ref="demo_safety_question_planning_q46"/>
                <field name="sequence">3</field>
                <field name="value">When planning for the OH&amp;S management system, the Tenderer has not considered the
                    issues related to context, the requirements related to interested parties and the scope of its
                    OH&amp;S management system, and determined the risks and opportunities that need to be addressed to achieve continual improvement.</field>
                <field name="answer_score">3</field>
            </record>
            <record id="demo_safety_question_planning_q46_ans4" model="survey.question.answer">
                <field name="question_id" ref="demo_safety_question_planning_q46"/>
                <field name="sequence">4</field>
                <field name="value">When planning for the OH&amp;S management system, the Tenderer has partially considered the
                    issues related to context, the requirements related to interested parties and the scope of its
                    OH&amp;S management system, and determined the risks and opportunities that need to be addressed to achieve continual improvement.</field>
                <field name="answer_score">6</field>
            </record>
            <record id="demo_safety_question_planning_q46_ans5" model="survey.question.answer">
                <field name="question_id" ref="demo_safety_question_planning_q46"/>
                <field name="sequence">5</field>
                <field name="value">When planning for the OH&amp;S management system, the Tenderer has comprehensively considered
                    the issues related to context, the requirements related to interested parties and the scope of its
                    OH&amp;S management system, and determined the risks and opportunities that need to be addressed to achieve continual improvement.</field>
                <field name="answer_score">10</field>
            </record>
        
<!--        SUPPORT-->
        <record id="demo_safety_question_support_cat_1" model="survey.question">
            <field name="title">4 Support</field>
            <field name="survey_id" ref="demo_safety_questionnaire_form"/>
            <field name="category_id" ref="hawk_survey.category_4"/>
            <field name="sequence">13</field>
            <field name="question_type" eval="False"/>
            <field name="is_page" eval="True"/>
            <field name="description" type="html">
                <p>4.4 Support of the Tenderer</p>
            </field>
        </record>

        <!-- Question No. 82 -->
        <record id="demo_safety_question_support_q82" model="survey.question">
            <field name="survey_id" ref="demo_safety_questionnaire_form"/>
            <field name="sequence">14</field>
            <field name="title">
                The Tenderer has determined and provided the resources needed for the establishment, implementation,
                maintenance and continual improvement of the OH&amp;S management system.</field>
            <field name="question_type">simple_choice</field>
            <field name="comments_allowed" eval="True"/>
            <field name="comments_message">Findings / Evidences</field>
            <field name="constr_mandatory" eval="False"/>
        </record>

        <!-- Question No. 82 (CHOICES) -->
            <record id="demo_safety_question_support_q82_ans1" model="survey.question.answer">
                <field name="question_id" ref="demo_safety_question_support_q82"/>
                <field name="sequence">1</field>
                <field name="value">Not Applicable</field>
                <field name="answer_score">0</field>
            </record>
            <record id="demo_safety_question_support_q82_ans2" model="survey.question.answer">
                <field name="question_id" ref="demo_safety_question_support_q82"/>
                <field name="sequence">2</field>
                <field name="value">No relevant document submitted. Or the submitted document cannot be evaluated.</field>
                <field name="answer_score">1</field>
            </record>
            <record id="demo_safety_question_support_q82_ans3" model="survey.question.answer">
                <field name="question_id" ref="demo_safety_question_support_q82"/>
                <field name="sequence">3</field>
                <field name="value">The Tenderer has not determined and provided the resources needed for the establishment,
                    implementation, maintenance and continual improvement of the OH&amp;S management system.</field>
                <field name="answer_score">3</field>
            </record>
            <record id="demo_safety_question_support_q82_ans4" model="survey.question.answer">
                <field name="question_id" ref="demo_safety_question_support_q82"/>
                <field name="sequence">4</field>
                <field name="value">The Tenderer has partially determined and provided some of the resources needed
                    for the establishment, implementation, maintenance and continual improvement of the OH&amp;S management system.</field>
                <field name="answer_score">6</field>
            </record>
            <record id="demo_safety_question_support_q82_ans5" model="survey.question.answer">
                <field name="question_id" ref="demo_safety_question_support_q82"/>
                <field name="sequence">5</field>
                <field name="value">The Tenderer has comprehensively determined and provided the resources needed for
                    the establishment, implementation, maintenance and continual improvement of the OH&amp;S management system.</field>
                <field name="answer_score">10</field>
            </record>

        <!-- Question No. 83 -->
        <record id="demo_safety_question_support_q83" model="survey.question">
            <field name="survey_id" ref="demo_safety_questionnaire_form"/>
            <field name="sequence">15</field>
            <field name="title">
                The Tenderer has determined the necessary competence of workers that affects or can affect its OH&amp;S performance.</field>
            <field name="question_type">simple_choice</field>
            <field name="comments_allowed" eval="True"/>
            <field name="comments_message">Findings / Evidences</field>
            <field name="constr_mandatory" eval="False"/>
        </record>

        <!-- Question No. 83 (CHOICES) -->
            <record id="demo_safety_question_support_q83_ans1" model="survey.question.answer">
                <field name="question_id" ref="demo_safety_question_support_q83"/>
                <field name="sequence">1</field>
                <field name="value">Not Applicable</field>
                <field name="answer_score">0</field>
            </record>
            <record id="demo_safety_question_support_q83_ans2" model="survey.question.answer">
                <field name="question_id" ref="demo_safety_question_support_q83"/>
                <field name="sequence">2</field>
                <field name="value">No relevant document submitted. Or the submitted document cannot be evaluated.</field>
                <field name="answer_score">1</field>
            </record>
            <record id="demo_safety_question_support_q83_ans3" model="survey.question.answer">
                <field name="question_id" ref="demo_safety_question_support_q83"/>
                <field name="sequence">3</field>
                <field name="value">The Tenderer has not determined the necessary competence of workers that will affect or can affect its OH&amp;S performance.</field>
                <field name="answer_score">3</field>
            </record>
            <record id="demo_safety_question_support_q83_ans4" model="survey.question.answer">
                <field name="question_id" ref="demo_safety_question_support_q83"/>
                <field name="sequence">4</field>
                <field name="value">The Tenderer has partially determined the necessary competence of workers that will affect or can affect its OH&amp;S performance.</field>
                <field name="answer_score">6</field>
            </record>
            <record id="demo_safety_question_support_q83_ans5" model="survey.question.answer">
                <field name="question_id" ref="demo_safety_question_support_q83"/>
                <field name="sequence">5</field>
                <field name="value">The Tenderer has comprehensively determined the necessary competence of workers that will affect or can affect its OH&amp;S performance.</field>
                <field name="answer_score">10</field>
            </record>

        <!-- Question No. 84 -->
        <record id="demo_safety_question_support_q84" model="survey.question">
            <field name="survey_id" ref="demo_safety_questionnaire_form"/>
            <field name="sequence">16</field>
            <field name="title">
                The Tenderer has robust and applicable procedure to ensure that workers are competent
                (including the ability to identify hazards) on the basis of appropriate education, training or experience.</field>
            <field name="question_type">simple_choice</field>
            <field name="comments_allowed" eval="True"/>
            <field name="comments_message">Findings / Evidences</field>
            <field name="constr_mandatory" eval="False"/>
        </record>

        <!-- Question No. 84 (CHOICES) -->
            <record id="demo_safety_question_support_q84_ans1" model="survey.question.answer">
                <field name="question_id" ref="demo_safety_question_support_q84"/>
                <field name="sequence">1</field>
                <field name="value">Not Applicable</field>
                <field name="answer_score">0</field>
            </record>
            <record id="demo_safety_question_support_q84_ans2" model="survey.question.answer">
                <field name="question_id" ref="demo_safety_question_support_q84"/>
                <field name="sequence">2</field>
                <field name="value">No relevant document submitted. Or the submitted document cannot be evaluated.</field>
                <field name="answer_score">1</field>
            </record>
            <record id="demo_safety_question_support_q84_ans3" model="survey.question.answer">
                <field name="question_id" ref="demo_safety_question_support_q84"/>
                <field name="sequence">3</field>
                <field name="value">The Tenderer has not robust and applicable procedure to ensure that workers are
                    competent (including the ability to identify hazards) on the basis of appropriate education, training or experience.</field>
                <field name="answer_score">3</field>
            </record>
            <record id="demo_safety_question_support_q84_ans4" model="survey.question.answer">
                <field name="question_id" ref="demo_safety_question_support_q84"/>
                <field name="sequence">4</field>
                <field name="value">The Tenderer has partially applicable procedure to ensure that workers are competent
                    (including the ability to identify hazards) on the basis of appropriate education, training or experience.</field>
                <field name="answer_score">6</field>
            </record>
            <record id="demo_safety_question_support_q84_ans5" model="survey.question.answer">
                <field name="question_id" ref="demo_safety_question_support_q84"/>
                <field name="sequence">5</field>
                <field name="value">The Tenderer has comprehensively a robust and applicable procedure to ensure that workers
                    are competent (including the ability to identify hazards) on the basis of appropriate education, training or experience.</field>
                <field name="answer_score">10</field>
            </record>

<!--        OPERATION-->
        <record id="demo_safety_question_operation_category" model="survey.question">
            <field name="title">5 Operation</field>
            <field name="survey_id" ref="demo_safety_questionnaire_form"/>
            <field name="category_id" ref="hawk_survey.category_5"/>
            <field name="sequence">17</field>
            <field name="question_type" eval="False"/>
            <field name="is_page" eval="True"/>
            <field name="description" type="html">
                <p>5.5 of the Tenderer</p>
            </field>
        </record>

        <!-- Question No. 119 -->
        <record id="demo_safety_question_operation_q119" model="survey.question">
            <field name="survey_id" ref="demo_safety_questionnaire_form"/>
            <field name="sequence">18</field>
            <field name="title">
                The Tenderer has a plan to, implement, control and maintain the processes needed to meet requirements
                of the OH&amp;S management system, and to implement the actions determined by establishing criteria for the processes.</field>
            <field name="question_type">simple_choice</field>
            <field name="comments_allowed" eval="True"/>
            <field name="comments_message">Findings / Evidences</field>
            <field name="constr_mandatory" eval="False"/>
        </record>

        <!-- Question No. 119 (CHOICES) -->
            <record id="demo_safety_question_operation_q119_ans1" model="survey.question.answer">
                <field name="question_id" ref="demo_safety_question_operation_q119"/>
                <field name="sequence">1</field>
                <field name="value">Not Applicable</field>
                <field name="answer_score">0</field>
            </record>
            <record id="demo_safety_question_operation_q119_ans2" model="survey.question.answer">
                <field name="question_id" ref="demo_safety_question_operation_q119"/>
                <field name="sequence">2</field>
                <field name="value">No relevant document submitted. Or the submitted document cannot be evaluated.</field>
                <field name="answer_score">1</field>
            </record>
            <record id="demo_safety_question_operation_q119_ans3" model="survey.question.answer">
                <field name="question_id" ref="demo_safety_question_operation_q119"/>
                <field name="sequence">3</field>
                <field name="value">The Tenderer has not developed a plan to, implement, control and maintain the
                    processes needed to meet requirements of the OH&amp;S management system, and to implement the
                    actions determined by establishing criteria for the processes.</field>
                <field name="answer_score">3</field>
            </record>
            <record id="demo_safety_question_operation_q119_ans4" model="survey.question.answer">
                <field name="question_id" ref="demo_safety_question_operation_q119"/>
                <field name="sequence">4</field>
                <field name="value">The Tenderer has a partially developed plan to, implement, control and maintain
                    the processes needed to meet requirements of the OH&amp;S management system, and to implement the
                    actions determined by establishing criteria for the processes.</field>
                <field name="answer_score">6</field>
            </record>
            <record id="demo_safety_question_operation_q119_ans5" model="survey.question.answer">
                <field name="question_id" ref="demo_safety_question_operation_q119"/>
                <field name="sequence">5</field>
                <field name="value">The Tenderer has a comprehensive plan to, implement, control and maintain the
                    processes needed to meet requirements of the OH&amp;S management system, and to consistently
                    implement the actions determined by establishing criteria for the processes.</field>
                <field name="answer_score">10</field>
            </record>

        <!-- Question No. 120 -->
        <record id="demo_safety_question_operation_q120" model="survey.question">
            <field name="survey_id" ref="demo_safety_questionnaire_form"/>
            <field name="sequence">19</field>
            <field name="title">
                The Tenderer has a plan to, implement, control and maintain the processes needed to meet requirements of the OH&amp;S management system, and to implement the actions determined by these processes, in accordance with the criteria.</field>
            <field name="question_type">simple_choice</field>
            <field name="comments_allowed" eval="True"/>
            <field name="comments_message">Findings / Evidences</field>
            <field name="constr_mandatory" eval="False"/>
        </record>

        <!-- Question No. 120 (CHOICES) -->
            <record id="demo_safety_question_operation_q120_ans1" model="survey.question.answer">
                <field name="question_id" ref="demo_safety_question_operation_q120"/>
                <field name="sequence">1</field>
                <field name="value">Not Applicable</field>
                <field name="answer_score">0</field>
            </record>
            <record id="demo_safety_question_operation_q120_ans2" model="survey.question.answer">
                <field name="question_id" ref="demo_safety_question_operation_q120"/>
                <field name="sequence">2</field>
                <field name="value">No relevant document submitted. Or the submitted document cannot be evaluated.</field>
                <field name="answer_score">1</field>
            </record>
            <record id="demo_safety_question_operation_q120_ans3" model="survey.question.answer">
                <field name="question_id" ref="demo_safety_question_operation_q120"/>
                <field name="sequence">3</field>
                <field name="value">The Tenderer has not developed a plan to, implement, control and maintain the processes needed to meet requirements of the OH&amp;S management system, and has not implemented actions determined by these processes, in accordance with the criteria.</field>
                <field name="answer_score">3</field>
            </record>
            <record id="demo_safety_question_operation_q120_ans4" model="survey.question.answer">
                <field name="question_id" ref="demo_safety_question_operation_q120"/>
                <field name="sequence">4</field>
                <field name="value">The Tenderer has a partially developed plan to, implement, control and maintain the processes needed to meet requirements of the OH&amp;S management system, and to implement the actions determined by these processes, in accordance with the criteria.</field>
                <field name="answer_score">6</field>
            </record>
            <record id="demo_safety_question_operation_q120_ans5" model="survey.question.answer">
                <field name="question_id" ref="demo_safety_question_operation_q120"/>
                <field name="sequence">5</field>
                <field name="value">The Tenderer has a comprehensive plan to, implement, control and maintain the processes needed to meet requirements of the OH&amp;S management system, and to consistently implement the actions determined by these processes, in accordance with the criteria.</field>
                <field name="answer_score">10</field>
            </record>

        <!-- Question No. 121 -->
        <record id="demo_safety_question_operation_q121" model="survey.question">
            <field name="survey_id" ref="demo_safety_questionnaire_form"/>
            <field name="sequence">20</field>
            <field name="title">
                The Tenderer has a plan to, implement, control and maintain the processes needed to meet requirements of the OH&amp;S management system, and to implement the outcoming actions by maintaining and retaining documented information.</field>
            <field name="question_type">simple_choice</field>
            <field name="comments_allowed" eval="True"/>
            <field name="comments_message">Findings / Evidences</field>
            <field name="constr_mandatory" eval="False"/>
        </record>

        <!-- Question No. 121 (CHOICES) -->
            <record id="demo_safety_question_operation_q121_ans1" model="survey.question.answer">
                <field name="question_id" ref="demo_safety_question_operation_q121"/>
                <field name="sequence">1</field>
                <field name="value">Not Applicable</field>
                <field name="answer_score">0</field>
            </record>
            <record id="demo_safety_question_operation_q121_ans2" model="survey.question.answer">
                <field name="question_id" ref="demo_safety_question_operation_q121"/>
                <field name="sequence">2</field>
                <field name="value">No relevant document submitted. Or the submitted document cannot be evaluated.</field>
                <field name="answer_score">1</field>
            </record>
            <record id="demo_safety_question_operation_q121_ans3" model="survey.question.answer">
                <field name="question_id" ref="demo_safety_question_operation_q121"/>
                <field name="sequence">3</field>
                <field name="value">The Tenderer has not developed a plan to, implement, control and maintain the processes needed to meet requirements of the OH&amp;S management system, and has not identified outcoming actions via the maintaining and retaining of documented information.</field>
                <field name="answer_score">3</field>
            </record>
            <record id="demo_safety_question_operation_q121_ans4" model="survey.question.answer">
                <field name="question_id" ref="demo_safety_question_operation_q121"/>
                <field name="sequence">4</field>
                <field name="value">The Tenderer has a partially developed plan to, implement, control and maintain the processes needed to meet requirements of the OH&amp;S management system, and to implement the outcoming actions by maintaining and retaining documented information.</field>
                <field name="answer_score">6</field>
            </record>
            <record id="demo_safety_question_operation_q121_ans5" model="survey.question.answer">
                <field name="question_id" ref="demo_safety_question_operation_q121"/>
                <field name="sequence">5</field>
                <field name="value">The Tenderer has a comprehensive plan to, implement, control and maintain the processes needed to meet requirements of the OH&amp;S management system, and to implement the outcoming actions by maintaining and retaining documented information.</field>
                <field name="answer_score">10</field>
            </record>
        
    <!--        PERFORMANCE-->
        <record id="demo_safety_question_performance_category" model="survey.question">
            <field name="title">6 Performance evaluation</field>
            <field name="survey_id" ref="demo_safety_questionnaire_form"/>
            <field name="category_id" ref="hawk_survey.category_6"/>
            <field name="sequence">21</field>
            <field name="question_type" eval="False"/>
            <field name="is_page" eval="True"/>
            <field name="description" type="html">
                <p>6.6 Performance of the Tenderer</p>
            </field>
        </record>

        <!-- Question No. 157 -->
        <record id="demo_safety_question_performance_q157" model="survey.question">
            <field name="survey_id" ref="demo_safety_questionnaire_form"/>
            <field name="sequence">22</field>
            <field name="title">
                The Tenderer has determined what needs to be monitored and measured, including, the extent to which legal requirements and other requirements are fulfilled.</field>
            <field name="question_type">simple_choice</field>
            <field name="comments_allowed" eval="True"/>
            <field name="comments_message">Findings / Evidences</field>
            <field name="constr_mandatory" eval="False"/>
        </record>

        <!-- Question No. 157 (CHOICES) -->
            <record id="demo_safety_question_performance_q157_ans1" model="survey.question.answer">
                <field name="question_id" ref="demo_safety_question_performance_q157"/>
                <field name="sequence">1</field>
                <field name="value">Not Applicable</field>
                <field name="answer_score">0</field>
            </record>
            <record id="demo_safety_question_performance_q157_ans2" model="survey.question.answer">
                <field name="question_id" ref="demo_safety_question_performance_q157"/>
                <field name="sequence">2</field>
                <field name="value">No relevant document submitted. Or the submitted document cannot be evaluated.</field>
                <field name="answer_score">1</field>
            </record>
            <record id="demo_safety_question_performance_q157_ans3" model="survey.question.answer">
                <field name="question_id" ref="demo_safety_question_performance_q157"/>
                <field name="sequence">3</field>
                <field name="value">The Tenderer has not determined what needs to be monitored and measured, including, the extent to which legal requirements and other requirements are fulfilled.</field>
                <field name="answer_score">3</field>
            </record>
            <record id="demo_safety_question_performance_q157_ans4" model="survey.question.answer">
                <field name="question_id" ref="demo_safety_question_performance_q157"/>
                <field name="sequence">4</field>
                <field name="value">The Tenderer has partially determined what needs to be monitored and measured, including, the extent to which legal requirements and other requirements are fulfilled.</field>
                <field name="answer_score">6</field>
            </record>
            <record id="demo_safety_question_performance_q157_ans5" model="survey.question.answer">
                <field name="question_id" ref="demo_safety_question_performance_q157"/>
                <field name="sequence">5</field>
                <field name="value">The Tenderer has comprehensively determined what needs to be monitored and measured, including, the extent to which legal requirements and other requirements are fulfilled.</field>
                <field name="answer_score">10</field>
            </record>

        <!-- Question No. 158 -->
        <record id="demo_safety_question_performance_q158" model="survey.question">
            <field name="survey_id" ref="demo_safety_questionnaire_form"/>
            <field name="sequence">23</field>
            <field name="title">
                The Tenderer has determined what needs to be monitored and measured, including, its activities and operations related to identified hazards, risks and opportunities.</field>
            <field name="question_type">simple_choice</field>
            <field name="comments_allowed" eval="True"/>
            <field name="comments_message">Findings / Evidences</field>
            <field name="constr_mandatory" eval="False"/>
        </record>
        <!-- Question No. 158 (CHOICES) -->
            <record id="demo_safety_question_performance_q158_ans1" model="survey.question.answer">
                <field name="question_id" ref="demo_safety_question_performance_q158"/>
                <field name="sequence">1</field>
                <field name="value">Not Applicable</field>
                <field name="answer_score">0</field>
            </record>
            <record id="demo_safety_question_performance_q158_ans2" model="survey.question.answer">
                <field name="question_id" ref="demo_safety_question_performance_q158"/>
                <field name="sequence">2</field>
                <field name="value">No relevant document submitted. Or the submitted document cannot be evaluated.</field>
                <field name="answer_score">1</field>
            </record>
            <record id="demo_safety_question_performance_q158_ans3" model="survey.question.answer">
                <field name="question_id" ref="demo_safety_question_performance_q158"/>
                <field name="sequence">3</field>
                <field name="value">The Tenderer has not determined what needs to be monitored and measured, including, its activities and operations related to identified hazards, risks and opportunities.</field>
                <field name="answer_score">3</field>
            </record>
            <record id="demo_safety_question_performance_q158_ans4" model="survey.question.answer">
                <field name="question_id" ref="demo_safety_question_performance_q158"/>
                <field name="sequence">4</field>
                <field name="value">The Tenderer has partially determined what needs to be monitored and measured, including, its activities and operations related to identified hazards, risks and opportunities.</field>
                <field name="answer_score">6</field>
            </record>
            <record id="demo_safety_question_performance_q158_ans5" model="survey.question.answer">
                <field name="question_id" ref="demo_safety_question_performance_q158"/>
                <field name="sequence">5</field>
                <field name="value">The Tenderer has comprehensively determined what needs to be monitored and measured, including, its activities and operations related to identified hazards, risks and opportunities.</field>
                <field name="answer_score">10</field>
            </record>

        <!-- Question No. 159 -->
        <record id="demo_safety_question_performance_q159" model="survey.question">
            <field name="survey_id" ref="demo_safety_questionnaire_form"/>
            <field name="sequence">24</field>
            <field name="title">
                The Tenderer has determined what needs to be monitored and measured, including the progress, towards achievement of the Tenderer’s OH&amp;S objectives.</field>
            <field name="question_type">simple_choice</field>
            <field name="comments_allowed" eval="True"/>
            <field name="comments_message">Findings / Evidences</field>
            <field name="constr_mandatory" eval="False"/>
        </record>
        <!-- Question No. 159 (CHOICES) -->
            <record id="demo_safety_question_performance_q159_ans1" model="survey.question.answer">
                <field name="question_id" ref="demo_safety_question_performance_q159"/>
                <field name="sequence">1</field>
                <field name="value">Not Applicable</field>
                <field name="answer_score">0</field>
            </record>
            <record id="demo_safety_question_performance_q159_ans2" model="survey.question.answer">
                <field name="question_id" ref="demo_safety_question_performance_q159"/>
                <field name="sequence">2</field>
                <field name="value">No relevant document submitted. Or the submitted document cannot be evaluated.</field>
                <field name="answer_score">1</field>
            </record>
            <record id="demo_safety_question_performance_q159_ans3" model="survey.question.answer">
                <field name="question_id" ref="demo_safety_question_performance_q159"/>
                <field name="sequence">3</field>
                <field name="value">The Tenderer has not determined what needs to be monitored and measured, including the progress, towards achievement of the Tenderer’s OH&amp;S objectives.</field>
                <field name="answer_score">3</field>
            </record>
            <record id="demo_safety_question_performance_q159_ans4" model="survey.question.answer">
                <field name="question_id" ref="demo_safety_question_performance_q159"/>
                <field name="sequence">4</field>
                <field name="value">The Tenderer has partially determined what needs to be monitored and measured, including the progress, towards achievement of the Tenderer’s OH&amp;S objectives.</field>
                <field name="answer_score">6</field>
            </record>
            <record id="demo_safety_question_performance_q159_ans5" model="survey.question.answer">
                <field name="question_id" ref="demo_safety_question_performance_q159"/>
                <field name="sequence">5</field>
                <field name="value">The Tenderer has comprehensively determined what needs to be monitored and measured, including the progress, towards achievement of the Tenderer’s OH&amp;S objectives.</field>
                <field name="answer_score">10</field>
            </record>

        <!-- IMPROVEMENT 10 -->
        <record id="demo_safety_question_improvement_category" model="survey.question">
            <field name="title">7 Improvement</field>
            <field name="survey_id" ref="demo_safety_questionnaire_form"/>
            <field name="category_id" ref="hawk_survey.category_7"/>
            <field name="sequence">25</field>
            <field name="question_type" eval="False"/>
            <field name="is_page" eval="True"/>
            <field name="description" type="html">
                <p>7.7 Improvement of the Tenderer</p>
            </field>
        </record>

        <!-- Question No. 182 -->
        <record id="demo_safety_question_improvement_q182" model="survey.question">
            <field name="survey_id" ref="demo_safety_questionnaire_form"/>
            <field name="sequence">26</field>
            <field name="title">
                The Tenderer has a procedure and process to ensure that when an incident or a nonconformity occurs, they investigate the incident or review the nonconformity,  in order that it does not recur or occur elsewhere.</field>
            <field name="question_type">simple_choice</field>
            <field name="comments_allowed" eval="True"/>
            <field name="comments_message">Findings / Evidences</field>
            <field name="constr_mandatory" eval="False"/>
        </record>
        <!-- Question No. 182 (CHOICES) -->
            <record id="demo_safety_question_improvement_q182_ans1" model="survey.question.answer">
                <field name="question_id" ref="demo_safety_question_improvement_q182"/>
                <field name="sequence">1</field>
                <field name="value">Not Applicable</field>
                <field name="answer_score">0</field>
            </record>
            <record id="demo_safety_question_improvement_q182_ans2" model="survey.question.answer">
                <field name="question_id" ref="demo_safety_question_improvement_q182"/>
                <field name="sequence">2</field>
                <field name="value">No relevant document submitted. Or the submitted document cannot be evaluated.</field>
                <field name="answer_score">1</field>
            </record>
            <record id="demo_safety_question_improvement_q182_ans3" model="survey.question.answer">
                <field name="question_id" ref="demo_safety_question_improvement_q182"/>
                <field name="sequence">3</field>
                <field name="value">The Tenderer has not a procedure and process to ensure that when an incident or a nonconformity occurs, they investigate the incident or review the nonconformity,  in order that it does not recur or occur elsewhere.</field>
                <field name="answer_score">3</field>
            </record>
            <record id="demo_safety_question_improvement_q182_ans4" model="survey.question.answer">
                <field name="question_id" ref="demo_safety_question_improvement_q182"/>
                <field name="sequence">4</field>
                <field name="value">The Tenderer has a partial procedure and process to ensure that when an incident or a nonconformity occurs, they investigate the incident or review the nonconformity,  in order that it does not recur or occur elsewhere.</field>
                <field name="answer_score">6</field>
            </record>
            <record id="demo_safety_question_improvement_q182_ans5" model="survey.question.answer">
                <field name="question_id" ref="demo_safety_question_improvement_q182"/>
                <field name="sequence">5</field>
                <field name="value">The Tenderer has a comprehensive procedure and process to ensure that when an incident or a nonconformity occurs, they investigate the incident or review the nonconformity,  in order that it does not recur or occur elsewhere.</field>
                <field name="answer_score">10</field>
            </record>

        <!-- Question No. 183 -->
        <record id="demo_safety_question_improvement_q183" model="survey.question">
            <field name="survey_id" ref="demo_safety_questionnaire_form"/>
            <field name="sequence">27</field>
            <field name="title">
                The Tenderer has a procedure and process to ensure that when an incident or a nonconformity occurs, they investigate the incident or review it so as to determine the cause(s) of the incident or nonconformity.</field>
            <field name="question_type">simple_choice</field>
            <field name="comments_allowed" eval="True"/>
            <field name="comments_message">Findings / Evidences</field>
            <field name="constr_mandatory" eval="False"/>
        </record>
        <!-- Question No. 183 (CHOICES) -->
            <record id="demo_safety_question_improvement_q183_ans1" model="survey.question.answer">
                <field name="question_id" ref="demo_safety_question_improvement_q183"/>
                <field name="sequence">1</field>
                <field name="value">Not Applicable</field>
                <field name="answer_score">0</field>
            </record>
            <record id="demo_safety_question_improvement_q183_ans2" model="survey.question.answer">
                <field name="question_id" ref="demo_safety_question_improvement_q183"/>
                <field name="sequence">2</field>
                <field name="value">No relevant document submitted. Or the submitted document cannot be evaluated.</field>
                <field name="answer_score">1</field>
            </record>
            <record id="demo_safety_question_improvement_q183_ans3" model="survey.question.answer">
                <field name="question_id" ref="demo_safety_question_improvement_q183"/>
                <field name="sequence">3</field>
                <field name="value">The Tenderer has not a procedure and process to ensure that when an incident or a nonconformity occurs, they investigate the incident or review it so as to determine the cause(s) of the incident or nonconformity.</field>
                <field name="answer_score">3</field>
            </record>
            <record id="demo_safety_question_improvement_q183_ans4" model="survey.question.answer">
                <field name="question_id" ref="demo_safety_question_improvement_q183"/>
                <field name="sequence">4</field>
                <field name="value">The Tenderer has a partial procedure and process to ensure that when an incident or a nonconformity occurs, they investigate the incident or review it so as to determine the cause(s) of the incident or nonconformity.</field>
                <field name="answer_score">6</field>
            </record>
            <record id="demo_safety_question_improvement_q183_ans5" model="survey.question.answer">
                <field name="question_id" ref="demo_safety_question_improvement_q183"/>
                <field name="sequence">5</field>
                <field name="value">The Tenderer has a comprehensive procedure and process to ensure that when an incident or a nonconformity occurs, they investigate the incident or review it so as to determine the cause(s) of the incident or nonconformity.</field>
                <field name="answer_score">10</field>
            </record>

        <!-- Question No. 184 -->
        <record id="demo_safety_question_improvement_q184" model="survey.question">
            <field name="survey_id" ref="demo_safety_questionnaire_form"/>
            <field name="sequence">28</field>
            <field name="title">
                The Tenderer has a procedure and process to ensure that when an incident or a nonconformity occurs, they investigate the incident or review the nonconformity, by examining historical information and data to determine if there is any correlations.</field>
            <field name="question_type">simple_choice</field>
            <field name="comments_allowed" eval="True"/>
            <field name="comments_message">Findings / Evidences</field>
            <field name="constr_mandatory" eval="False"/>
        </record>
        <!-- Question No. 184 (CHOICES) -->
            <record id="demo_safety_question_improvement_q184_ans1" model="survey.question.answer">
                <field name="question_id" ref="demo_safety_question_improvement_q184"/>
                <field name="sequence">1</field>
                <field name="value">Not Applicable</field>
                <field name="answer_score">0</field>
            </record>
            <record id="demo_safety_question_improvement_q184_ans2" model="survey.question.answer">
                <field name="question_id" ref="demo_safety_question_improvement_q184"/>
                <field name="sequence">2</field>
                <field name="value">No relevant document submitted. Or the submitted document cannot be evaluated.</field>
                <field name="answer_score">1</field>
            </record>
            <record id="demo_safety_question_improvement_q184_ans3" model="survey.question.answer">
                <field name="question_id" ref="demo_safety_question_improvement_q184"/>
                <field name="sequence">3</field>
                <field name="value">The Tenderer has not a procedure and process to ensure that when an incident or a nonconformity occurs, they investigate the incident or review the nonconformity, by examining historical information and data to determine if there is any correlations.</field>
                <field name="answer_score">3</field>
            </record>
            <record id="demo_safety_question_improvement_q184_ans4" model="survey.question.answer">
                <field name="question_id" ref="demo_safety_question_improvement_q184"/>
                <field name="sequence">4</field>
                <field name="value">The Tenderer has a partial procedure and process to ensure that when an incident or a nonconformity occurs, they investigate the incident or review the nonconformity, by examining historical information and data to determine if there is any correlations.</field>
                <field name="answer_score">6</field>
            </record>
            <record id="demo_safety_question_improvement_q184_ans5" model="survey.question.answer">
                <field name="question_id" ref="demo_safety_question_improvement_q184"/>
                <field name="sequence">5</field>
                <field name="value">The Tenderer has a comprehensive procedure and process to ensure that when an incident or a nonconformity occurs, they investigate the incident or review the nonconformity, by examining historical information and data to determine if there is any correlations.</field>
                <field name="answer_score">10</field>
            </record>

<!--        <record id="hawk_base.user_analystA" model="res.users">-->
<!--            <field name="groups_id" eval="[(4, ref('survey.group_survey_user'))]"/>-->
<!--        </record>-->
<!--        <record id="hawk_base.user_analystB" model="res.users">-->
<!--            <field name="groups_id" eval="[(4, ref('survey.group_survey_user'))]"/>-->
<!--        </record>-->
<!--        <record id="hawk_base.user_analystC" model="res.users">-->
<!--            <field name="groups_id" eval="[(4, ref('survey.group_survey_user'))]"/>-->
<!--        </record>-->
<!--        <record id="hawk_base.user_analystD" model="res.users">-->
<!--            <field name="groups_id" eval="[(4, ref('survey.group_survey_user'))]"/>-->
<!--        </record>-->
    </data>
</odoo>