<?xml version="1.0" encoding="utf-8"?>
<odoo>
    <data noupdate="1">
        <function name="write" model="ir.model.data">
            <function name="search" model="ir.model.data">
                <value eval="['|','&amp;',('module', '=', 'hawk_base'), ('name', '=', 'user_sam'),
                '|','&amp;',('module', '=', 'hawk_base'), ('name', '=', 'user_omid'),
                '|','&amp;',('module','=','hawk_base'),('name','=','user_lac'),
                '|','&amp;',('module','=','hawk_base'),('name','=','user_arm'),
                '|','&amp;',('module','=','hawk_base'),('name','=','user_cub'),
                '|','&amp;',('module','=','hawk_base'),('name','=','user_ace'),
                '|','&amp;',('module','=','hawk_base'),('name','=','user_que'),
                '&amp;',('module','=','hawk_base'),('name','=','user_crm'),]"/>
            </function>
            <value eval="{'noupdate': False}" />
        </function>
        <record id="hawk_base.user_sam" model="res.users">
            <field name="groups_id" eval="[(4, ref('survey.group_survey_user'))]"/>
        </record>
        <record id="hawk_base.user_omid" model="res.users">
            <field name="groups_id" eval="[(4, ref('survey.group_survey_user'))]"/>
        </record>
        <record id="hawk_base.user_lac" model="res.users">
            <field name="groups_id" eval="[(4, ref('survey.group_survey_user'))]"/>
        </record>
        <record id="hawk_base.user_arm" model="res.users">
            <field name="groups_id" eval="[(4, ref('survey.group_survey_user'))]"/>
        </record>
        <record id="hawk_base.user_cub" model="res.users">
            <field name="groups_id" eval="[(4, ref('survey.group_survey_user'))]"/>
        </record>
        <record id="hawk_base.user_ace" model="res.users">
            <field name="groups_id" eval="[(4, ref('survey.group_survey_user'))]"/>
        </record>
        <record id="hawk_base.user_que" model="res.users">
            <field name="groups_id" eval="[(4, ref('survey.group_survey_user'))]"/>
        </record>
        <record id="hawk_base.user_crm" model="res.users">
            <field name="groups_id" eval="[(4, ref('survey.group_survey_user'))]"/>
        </record>
        <function name="write" model="ir.model.data">
            <function name="search" model="ir.model.data">
                <value eval="['|','&amp;',('module', '=', 'hawk_base'), ('name', '=', 'user_sam'),
                '|','&amp;',('module', '=', 'hawk_base'), ('name', '=', 'user_omid'),
                '|','&amp;',('module','=','hawk_base'),('name','=','user_lac'),
                '|','&amp;',('module','=','hawk_base'),('name','=','user_arm'),
                '|','&amp;',('module','=','hawk_base'),('name','=','user_cub'),
                '|','&amp;',('module','=','hawk_base'),('name','=','user_ace'),
                '|','&amp;',('module','=','hawk_base'),('name','=','user_que'),
                '&amp;',('module','=','hawk_base'),('name','=','user_crm'),]"/>
            </function>
            <value eval="{'noupdate': True}" />
        </function>
    </data>
</odoo>