id,name,model_id:id,group_id:id,perm_read,perm_write,perm_create,perm_unlink

assign_qa_admin,assign.qa.admin,model_assign_qa,hawk_base.group_hawk_admin,1,1,1,1
assign_qa_manager,assign.qa.manager,model_assign_qa,hawk_base.group_hawk_manager,1,1,1,0
assign_qa_leader,assign.qa.leader,model_assign_qa,hawk_base.group_hawk_leader,1,1,1,0

hawk_qa_reject_admin,hawk.qa.reject.admin,model_qa_reject,hawk_base.group_hawk_admin,1,1,1,1
hawk_qa_reject_manager,hawk.qa.reject.manager,model_qa_reject,hawk_base.group_hawk_manager,1,1,1,0
hawk_qa_reject_qa,hawk.qa.reject.qa,model_qa_reject,hawk_base.group_hawk_qa,1,1,1,0
hawk_qa_reject_leader,hawk.qa.reject.leader,model_qa_reject,hawk_base.group_hawk_leader,1,1,0,0

hawk_qa_pass_admin,hawk.qa.pass.admin,model_qa_pass,hawk_base.group_hawk_admin,1,1,1,1
hawk_qa_pass_manager,hawk.qa.pass.manager,model_qa_pass,hawk_base.group_hawk_manager,1,1,1,0
hawk_qa_pass_qa,hawk.qa.pass.qa,model_qa_pass,hawk_base.group_hawk_qa,1,1,1,0
hawk_qa_pass_leader,hawk.qa.pass.leader,model_qa_pass,hawk_base.group_hawk_leader,1,1,0,0

hawk_analysis_report_log_admin,hawk.analysis.report.log.admin,model_hawk_analysis_report_log,hawk_base.group_hawk_admin,1,1,1,1
hawk_analysis_report_log_manager,hawk.analysis.report.log.manager,model_hawk_analysis_report_log,hawk_base.group_hawk_manager,1,1,1,0
hawk_analysis_report_log_qa,hawk.analysis.report.log.qa,model_hawk_analysis_report_log,hawk_base.group_hawk_qa,1,1,1,0
hawk_analysis_report_log_leader,hawk.analysis.report.log.leader,model_hawk_analysis_report_log,hawk_base.group_hawk_leader,1,1,1,0
hawk_analysis_report_log_analyst,hawk.analysis.report.log.analyst,model_hawk_analysis_report_log,hawk_base.group_hawk_analyst,1,1,1,0

hawk_analysis_config_admin,hawk.analysis.config.admin,model_hawk_analysis_config,hawk_base.group_hawk_admin,1,1,1,1
hawk_analysis_config_manager,hawk.analysis.config.manager,model_hawk_analysis_config,hawk_base.group_hawk_manager,1,1,1,0
hawk_analysis_config_qa,hawk.analysis.config.qa,model_hawk_analysis_config,hawk_base.group_hawk_qa,1,1,1,0
hawk_analysis_config_leader,hawk.analysis.config.leader,model_hawk_analysis_config,hawk_base.group_hawk_leader,1,1,1,0
hawk_analysis_config_analyst,hawk.analysis.config.analyst,model_hawk_analysis_config,hawk_base.group_hawk_analyst,1,1,1,0

executive_summary_admin,executive.summary.admin,model_executive_summary,hawk_base.group_hawk_admin,1,1,1,1
executive_summary_manager,executive.summary.manager,model_executive_summary,hawk_base.group_hawk_manager,1,1,1,0
executive_summary_qa,executive.summary.qa,model_executive_summary,hawk_base.group_hawk_qa,1,1,1,0
executive_summary_leader,executive.summary.leader,model_executive_summary,hawk_base.group_hawk_leader,1,1,1,0
executive_summary_analyst,executive.summary.analyst,model_executive_summary,hawk_base.group_hawk_analyst,1,1,1,0

report_content_admin,report.content.admin,model_report_content,hawk_base.group_hawk_admin,1,1,1,1
report_content_manager,report.content.manager,model_report_content,hawk_base.group_hawk_manager,1,1,1,0
report_content_qa,report.content.qa,model_report_content,hawk_base.group_hawk_qa,1,1,1,0
report_content_leader,report.content.leader,model_report_content,hawk_base.group_hawk_leader,1,1,1,0
report_content_analyst,report.content.analyst,model_report_content,hawk_base.group_hawk_analyst,1,1,1,0

report_template_admin,report.template.admin,model_hawk_analysis_report_template,hawk_base.group_hawk_admin,1,1,1,1
report_template_manager,report.template.manager,model_hawk_analysis_report_template,hawk_base.group_hawk_manager,1,1,1,0
report_template_qa,report.template.qa,model_hawk_analysis_report_template,hawk_base.group_hawk_qa,1,1,1,0
report_template_leader,report.template.leader,model_hawk_analysis_report_template,hawk_base.group_hawk_leader,1,1,1,0
report_template_analyst,report.template.analyst,model_hawk_analysis_report_template,hawk_base.group_hawk_analyst,1,1,1,0

report_template_component_admin,report.template.component.admin,model_hawk_analysis_report_template_component,hawk_base.group_hawk_admin,1,1,1,1
report_template_component_manager,report.template.component.manager,model_hawk_analysis_report_template_component,hawk_base.group_hawk_manager,1,1,1,0
report_template_component_qa,report.template.component.qa,model_hawk_analysis_report_template_component,hawk_base.group_hawk_qa,1,1,1,0
report_template_component_leader,report.template.component.leader,model_hawk_analysis_report_template_component,hawk_base.group_hawk_leader,1,1,1,0
report_template_component_analyst,report.template.component.analyst,model_hawk_analysis_report_template_component,hawk_base.group_hawk_analyst,1,1,1,0

wizard_report_admin,wizard.report.admin,model_wizard_report,hawk_base.group_hawk_admin,1,1,1,1
wizard_report_manager,wizard.report.manager,model_wizard_report,hawk_base.group_hawk_manager,1,1,1,0
wizard_report_leader,wizard.report.leader,model_wizard_report,hawk_base.group_hawk_leader,1,1,0,0
wizard_report_analyst,wizard.report.analyst,model_wizard_report,hawk_base.group_hawk_analyst,1,1,1,0
wizard_report_client_manager,wizard.report.client.manager,model_wizard_report,hawk_base.group_hawk_client_manager,1,0,0,0

