id,name,model_id:id,group_id:id,perm_read,perm_write,perm_create,perm_unlink

survey_survey_admin,survey.survey.admin,survey.model_survey_survey,hawk_base.group_hawk_admin,1,1,1,1
survey_survey_manager,survey.survey.manager,survey.model_survey_survey,hawk_base.group_hawk_manager,1,1,1,0
survey_survey_leader,survey.survey.leader,survey.model_survey_survey,hawk_base.group_hawk_leader,1,1,0,0
survey_survey_analyst,survey.survey.analyst,survey.model_survey_survey,hawk_base.group_hawk_analyst,1,1,1,0
survey_survey_client_manager,survey.survey.client.manager,survey.model_survey_survey,hawk_base.group_hawk_client_manager,1,0,0,0

survey_question_admin,survey.question.admin,survey.model_survey_question,hawk_base.group_hawk_admin,1,1,1,1
survey_question_manager,survey.question.manager,survey.model_survey_question,hawk_base.group_hawk_manager,1,1,1,0
survey_question_leader,survey.question.leader,survey.model_survey_question,hawk_base.group_hawk_leader,1,1,0,0
survey_question_analyst,survey.question.analyst,survey.model_survey_question,hawk_base.group_hawk_analyst,1,1,1,0
survey_question_client_manager,survey.question.client.manager,survey.model_survey_question,hawk_base.group_hawk_client_manager,1,0,0,0

survey_question_answer_admin,survey.question.answer.admin,survey.model_survey_question_answer,hawk_base.group_hawk_admin,1,1,1,1
survey_question_answer_manager,survey.question.answer.manager,survey.model_survey_question_answer,hawk_base.group_hawk_manager,1,1,1,0
survey_question_answer_leader,survey.question.answer.leader,survey.model_survey_question_answer,hawk_base.group_hawk_leader,1,1,0,0
survey_question_answer_analyst,survey.question.answer.analyst,survey.model_survey_question_answer,hawk_base.group_hawk_analyst,1,1,1,0
survey_question_answer_client_manager,survey.question.answer.client.manager,survey.model_survey_question_answer,hawk_base.group_hawk_client_manager,1,0,0,0

survey_question_category_admin,survey.question.category.admin,model_survey_question_category,hawk_base.group_hawk_admin,1,1,1,1
survey_question_category_manager,survey.question.category.manager,model_survey_question_category,hawk_base.group_hawk_manager,1,1,1,0
survey_question_category_leader,survey.question.category.leader,model_survey_question_category,hawk_base.group_hawk_leader,1,0,0,0
survey_question_category_analyst,survey.question.category.analyst,model_survey_question_category,hawk_base.group_hawk_analyst,1,0,0,0
survey_question_category_client_manager,survey.question.category.client.manager,model_survey_question_category,hawk_base.group_hawk_client_manager,1,0,0,0
