id,name,model_id:id,group_id:id,perm_read,perm_write,perm_create,perm_unlink

res_users_apikeys_dev,res.users.apikeys.dev,base.model_res_users_apikeys,hawk_base.group_hawk_dev,1,1,1,1
res_users_apikeys_admin,res.users.apikeys.admin,base.model_res_users_apikeys,hawk_base.group_hawk_admin,1,1,1,1

hawk_api_link_dev,hawk.api.link.dev,model_hawk_api_link,hawk_base.group_hawk_dev,1,1,1,1
hawk_api_link_admin,hawk.api.link.admin,model_hawk_api_link,hawk_base.group_hawk_admin,1,1,1,1
hawk_api_link_user,hawk.api.link.user,model_hawk_api_link,,1,0,0,0

hawk_api_transaction_dev,hawk.api.transaction.dev,model_hawk_api_transaction,hawk_base.group_hawk_dev,1,1,1,1
hawk_api_transaction_admin,hawk.api.transaction.admin,model_hawk_api_transaction,hawk_base.group_hawk_admin,1,1,1,1

