id,name,model_id:id,group_id:id,perm_read,perm_write,perm_create,perm_unlink

hawk_tender_admin,hawk.tender.admin,model_hawk_tender,group_hawk_admin,1,1,1,1
hawk_tender_crm,hawk.tender.crm,model_hawk_tender,group_hawk_client_manager,1,1,0,0
hawk_tender_manager,hawk.tender.manager,model_hawk_tender,group_hawk_manager,1,1,0,0
hawk_tender_qa,hawk.tender.qa,model_hawk_tender,group_hawk_qa,1,1,0,0
hawk_tender_leader,hawk.tender.leader,model_hawk_tender,group_hawk_leader,1,1,0,0
hawk_tender_analyst,hawk.tender.analyst,model_hawk_tender,group_hawk_analyst,1,0,0,0

hawk_tenderer_admin,hawk.tenderer.admin,model_hawk_tenderer,group_hawk_admin,1,1,1,1
hawk_tenderer_crm,hawk.tenderer.crm,model_hawk_tenderer,group_hawk_client_manager,1,1,0,0
hawk_tenderer_manager,hawk.tenderer.manager,model_hawk_tenderer,group_hawk_manager,1,1,0,0
hawk_tenderer_qa,hawk.tenderer.qa,model_hawk_tenderer,group_hawk_qa,1,1,0,0
hawk_tenderer_leader,hawk.tenderer.leader,model_hawk_tenderer,group_hawk_leader,1,1,0,0
hawk_tenderer_analyst,hawk.tenderer.analyst,model_hawk_tenderer,group_hawk_analyst,1,1,0,0

hawk_snapshots_admin,hawk.snapshots.admin,model_hawk_snapshots,group_hawk_admin,1,1,1,1
hawk_snapshots_manager,hawk.snapshots.manager,model_hawk_snapshots,group_hawk_manager,1,1,0,0

hawk_analysis_admin,hawk.analysis.admin,model_hawk_analysis,group_hawk_admin,1,1,1,1
hawk_analysis_crm,hawk.analysis.crm,model_hawk_analysis,group_hawk_client_manager,1,1,0,0
hawk_analysis_manager,hawk.analysis.manager,model_hawk_analysis,group_hawk_manager,1,1,0,0
hawk_analysis_qa,hawk.analysis.qa,model_hawk_analysis,group_hawk_qa,1,1,1,0
hawk_analysis_leader,hawk.analysis.leader,model_hawk_analysis,group_hawk_leader,1,1,0,0
hawk_analysis_analyst,hawk.analysis.analyst,model_hawk_analysis,group_hawk_analyst,1,1,0,0

hawk_analysis_type_admin,hawk.analysis.type.admin,model_hawk_analysis_type,group_hawk_admin,1,1,1,1
hawk_analysis_type_manager,hawk.analysis.type.manager,model_hawk_analysis_type,group_hawk_manager,1,1,0,0
hawk_analysis_type_qa,hawk.analysis.type.qa,model_hawk_analysis_type,group_hawk_qa,1,1,0,0
hawk_analysis_type_leader,hawk.analysis.type.leader,model_hawk_analysis_type,group_hawk_leader,1,1,0,0
hawk_analysis_type_analyst,hawk.analysis.type.analyst,model_hawk_analysis_type,group_hawk_analyst,1,1,0,0

hawk_analysis_coeff_admin,hawk.analysis.coeff.admin,model_hawk_analysis_coeff,group_hawk_admin,1,1,1,1
hawk_analysis_coeff_manager,hawk.analysis.coeff.manager,model_hawk_analysis_coeff,group_hawk_manager,1,1,0,0
hawk_analysis_coeff_leader,hawk.analysis.coeff.leader,model_hawk_analysis_coeff,group_hawk_leader,1,1,0,0
hawk_analysis_coeff_analyst,hawk.analysis.coeff.analyst,model_hawk_analysis_coeff,group_hawk_analyst,1,1,0,0

assign_teamleader_admin,assign.teamleader.admin,model_assign_teamleader,group_hawk_admin,1,1,1,1
assign_teamleader_manager,assign.teamleader.manager,model_assign_teamleader,group_hawk_manager,1,1,1,0
assign_teamleader_leader,assign.teamleader.leader,model_assign_teamleader,group_hawk_leader,1,1,0,0
assign_teamleader_analyst,assign.teamleader.analyst,model_assign_teamleader,group_hawk_analyst,1,1,0,0

reject_analysis_admin,reject.analysis.admin,model_reject_analysis,group_hawk_admin,1,1,1,1
reject_analysis_manager,reject.analysis.manager,model_reject_analysis,group_hawk_manager,1,1,1,0
reject_analysis_qa,reject.analysis.type.qa,model_reject_analysis,group_hawk_qa,1,1,0,0
reject_analysis_leader,reject.analysis.leader,model_reject_analysis,group_hawk_leader,1,1,1,0
reject_analysis_analyst,reject.analysis.analyst,model_reject_analysis,group_hawk_analyst,1,1,1,0

analysis_timeline_admin,hawk.analysis.timeline.admin,model_hawk_analysis_timeline,group_hawk_admin,1,1,1,1
analysis_timeline_crm,hawk.analysis.timeline.crm,model_hawk_analysis_timeline,group_hawk_client_manager,1,1,1,0
analysis_timeline_manager,hawk.analysis.timeline.manager,model_hawk_analysis_timeline,group_hawk_manager,1,1,1,0
analysis_timeline_qa,hawk.analysis.timeline.qa,model_hawk_analysis_timeline,group_hawk_qa,1,1,1,0
analysis_timeline_leader,hawk.analysis.timeline.leader,model_hawk_analysis_timeline,group_hawk_leader,1,1,1,0
analysis_timeline_analyst,hawk.analysis.timeline.analyst,model_hawk_analysis_timeline,group_hawk_analyst,1,1,1,0

assign_new_analyst_admin,assign.new.analyst.admin,model_assign_new_analyst,group_hawk_admin,1,1,1,1
assign_new_analyst_manager,assign.new.analyst.manager,model_assign_new_analyst,group_hawk_manager,1,1,1,0
assign_new_analyst_leader,assign.new.analyst.leader,model_assign_new_analyst,group_hawk_leader,1,1,1,0
assign_new_analyst_analyst,assign.new.analyst.analyst,model_assign_new_analyst,group_hawk_analyst,1,1,0,0

cancel_tender_manager,cancel.tender.manager,model_cancel_tender,group_hawk_manager,1,1,1,1
cancel_analysis_dev,cancel.analysis.dev,model_cancel_analysis,group_hawk_dev,1,1,1,1

res_config_settings_admin,res.config.settings.admin,base.model_res_config_settings,group_hawk_admin,1,1,1,1
res_config_settings_manager,res.config.settings.manager,base.model_res_config_settings,group_hawk_manager,1,1,1,0

res_users_admin,res.users.admin,base.model_res_users,group_hawk_admin,1,1,1,1
res_users_crm,res.users.crm,base.model_res_users,group_hawk_client_manager,1,1,1,0
res_users_qa,res.users.qa,base.model_res_users,group_hawk_qa,1,1,1,0
res_users_manager,res.users.manager,base.model_res_users,group_hawk_manager,1,1,1,0
res_users_leader,res.users.leader,base.model_res_users,group_hawk_leader,1,1,0,0
res_users_analyst,res.users.analyst,base.model_res_users,group_hawk_analyst,1,1,0,0

res_partner_admin,res.partner.admin,base.model_res_partner,group_hawk_admin,1,1,1,1
res_partner_crm,res.partner.crm,base.model_res_partner,group_hawk_client_manager,1,1,1,0
res_partner_qa,res.partner.qa,base.model_res_partner,group_hawk_qa,1,1,1,0
res_partner_manager,res.partner.manager,base.model_res_partner,group_hawk_manager,1,1,1,0
res_partner_leader,res.partner.leader,base.model_res_partner,group_hawk_leader,1,1,0,0
res_partner_analyst,res.partner.analyst,base.model_res_partner,group_hawk_analyst,1,1,0,0

hawk_industry_admin,hawk.industry.admin,model_hawk_industry,group_hawk_admin,1,1,1,1
hawk_industry_crm,hawk.industry.crm,model_hawk_industry,group_hawk_client_manager,1,1,1,0
hawk_industry_qa,hawk.industry.qa,model_hawk_industry,group_hawk_qa,1,1,1,0
hawk_industry_manager,hawk.industry.manager,model_hawk_industry,group_hawk_manager,1,1,1,0
hawk_industry_leader,hawk.industry.leader,model_hawk_industry,group_hawk_leader,1,1,0,0
hawk_industry_analyst,hawk.industry.analyst,model_hawk_industry,group_hawk_analyst,1,1,0,0

hawk_subindustry_admin,hawk.subindustry.admin,model_hawk_subindustry,group_hawk_admin,1,1,1,1
hawk_subindustry_crm,hawk.subindustry.crm,model_hawk_subindustry,group_hawk_client_manager,1,1,1,0
hawk_subindustry_qa,hawk.subindustry.qa,model_hawk_subindustry,group_hawk_qa,1,1,1,0
hawk_subindustry_manager,hawk.subindustry.manager,model_hawk_subindustry,group_hawk_manager,1,1,1,0
hawk_subindustry_leader,hawk.subindustry.leader,model_hawk_subindustry,group_hawk_leader,1,1,0,0
hawk_subindustry_analyst,hawk.subindustry.analyst,model_hawk_subindustry,group_hawk_analyst,1,1,0,0

ts_mailing_contact_admin,ts.mailing.contact.admin,model_ts_mailing_contact,group_hawk_admin,1,1,1,1
ts_mailing_contact_manager,ts.mailing.contact.manager,model_ts_mailing_contact,group_hawk_manager,1,1,1,1
