<?xml version="1.0" encoding="utf-8"?>
<odoo>
    <data noupdate="0">

        <!--======================== HAWK APP RULES ================================-->
        <record id="see_own_analyst_task_rule" model="ir.rule">
            <field name="name">user: see own analyst task only</field>
            <field name="model_id" ref="hawk_base.model_hawk_analysis"/>
            <field name="domain_force">[('safety_analyst_id','=',user.id)]</field>
            <field name="groups" eval="[(4,ref('hawk_base.group_hawk_analyst'))]"/>
        </record>

        <record id="see_own_qa_task_rule" model="ir.rule">
            <field name="name">user: see own qa task only</field>
            <field name="model_id" ref="hawk_base.model_hawk_analysis"/>
            <field name="domain_force">[('qa_specialist_id','=',user.id)]</field>
            <field name="groups" eval="[(4,ref('hawk_base.group_hawk_qa'))]"/>
        </record>

        <record id="see_all_task_rule" model="ir.rule">
            <field name="name">user: see all task</field>
            <field name="model_id" ref="hawk_base.model_hawk_analysis"/>
            <field name="domain_force">[]</field>
            <field name="groups" eval="[
                (4,ref('hawk_base.group_hawk_leader')),
                (4,ref('hawk_base.group_hawk_manager')),
                (4,ref('hawk_base.group_hawk_admin'))
            ]"/>
        </record>

        <!--======================== BASE RULES ================================-->
        <!-- ADMIN, MANAGERS and CRM CAN SEE ALL CONTACTS -->
        <record id="see_all_contacts_rule" model="ir.rule">
            <field name="name">user: see all contacts</field>
            <field name="model_id" ref="base.model_res_partner"/>
            <field name="domain_force">[(1,'=',1)]</field>
            <field name="groups" eval="[
            (4,ref('hawk_base.group_hawk_admin')),
            (4,ref('hawk_base.group_hawk_client_manager')),
            (4,ref('hawk_base.group_hawk_manager'))]"/>
        </record>

        <!-- ANALYSTS CAN SEE THINKSAVVY CONTACTS ONLY -->
        <record id="see_only_company_contacts_rule" model="ir.rule">
            <field name="name">user: see ThinkSavvy contacts only</field>
            <field name="model_id" ref="base.model_res_partner"/>
            <field name="domain_force">['|', '|', '|', ('parent_id.name', '=', 'Savvy Corporation Pty Ltd'), ('name', '=', 'Hawk AI Bot'), ('name', '=', 'OdooBot'), ('name', '=', 'Admin')]</field>
            <field name="groups" eval="[(4,ref('hawk_base.group_hawk_analyst'))]"/>
        </record>

        <!-- NON HAWK USERS CAN SEE THEIR OWN CONTACT ONLY -->
        <record id="see_own_contact_only_rule" model="ir.rule">
            <field name="name">user: see own contact only</field>
            <field name="model_id" ref="base.model_res_partner"/>
            <field name="domain_force">['|', ('id','=',user.partner_id.id), ('name', '=', 'Hawk AI Bot')]</field>
            <field name="groups" eval="[(4,ref('base.group_user'))]"/>
        </record>

    </data>
</odoo>
