<?xml version="1.0" encoding="utf-8"?>
<odoo>
    <data>
        <!--======================APPLICATION============================-->
        <record model="ir.module.category" id="module_hawk">
            <field name="name">HAWK</field>
            <field name="description">User access level for HAWK module</field>
            <field name="sequence">1</field>
        </record>

        <!--========================GROUPS================================-->
        <record id="group_hawk_user" model="res.groups">
            <field name="name">User</field>
            <field name="category_id" ref="module_hawk"/>
            <field name="implied_ids" eval="[(4, ref('base.group_user'))]"/>
        </record>
        <record id="group_hawk_qa" model="res.groups">
            <field name="name">QA Specialist</field>
            <field name="category_id" ref="module_hawk"/>
            <field name="implied_ids" eval="[(4, ref('hawk_base.group_hawk_user'))]"/>
        </record>
        <record id="group_hawk_analyst" model="res.groups">
            <field name="name">Analyst</field>
            <field name="category_id" ref="module_hawk"/>
            <field name="implied_ids" eval="[(4, ref('hawk_base.group_hawk_user'))]"/>
        </record>
        <record id="group_hawk_leader" model="res.groups">
            <field name="name">Team Leader</field>
            <field name="category_id" ref="module_hawk"/>
            <field name="implied_ids" eval="[(4, ref('hawk_base.group_hawk_analyst'))]"/>
        </record>
        <record id="group_hawk_client_manager" model="res.groups">
            <field name="name">Client Relations Manager</field>
            <field name="category_id" ref="module_hawk"/>
            <field name="implied_ids" eval="[(4, ref('hawk_base.group_hawk_leader'))]"/>
        </record>
        <record id="group_hawk_manager" model="res.groups">
            <field name="name">Tender Manager</field>
            <field name="category_id" ref="module_hawk"/>
            <field name="implied_ids" eval="[(4, ref('hawk_base.group_hawk_leader'))]"/>
        </record>
        <record id="group_hawk_admin" model="res.groups">
            <field name="name">Administrator</field>
            <field name="category_id" ref="module_hawk"/>
            <field name="implied_ids" eval="[(4, ref('hawk_base.group_hawk_user'))]"/>
            <field name="users" eval="[(4, ref('base.user_root')), (4, ref('base.user_admin'))]"/>
        </record>
        <record id="group_hawk_dev" model="res.groups">
            <field name="name">Developer</field>
            <field name="category_id" ref="module_hawk"/>
            <field name="implied_ids" eval="[(4, ref('hawk_base.group_hawk_admin'))]"/>
        </record>

    </data>
</odoo>