<?xml version="1.0" encoding="UTF-8"?>
<odoo>
    <data noupdate="1">
        <!-- CONTEXT -->
        <record id="safety_question_context_cat_1" model="survey.question">
            <field name="title">4. Context of the Tenderer</field>
            <field name="survey_id" ref="safety_questionnaire_form"/>
            <field name="sequence">1</field>
            <field name="question_type" eval="False"/>
            <field name="is_page" eval="True"/>
            <field name="description" type="html">
                <p>Context of the Tenderer</p>
            </field>
        </record>

        <record id="safety_question_context_cat_2" model="survey.question">
            <field name="title">4.1 Understanding the Tenderer and its context</field>
            <field name="survey_id" ref="safety_questionnaire_form"/>
            <field name="sequence">2</field>
            <field name="question_type" eval="False"/>
            <field name="is_page" eval="True"/>
            <field name="description" type="html">
                <p>Context of the Tenderer</p>
            </field>
        </record>

        <!-- Question No. 1 -->
        <record id="safety_question_context_q1" model="survey.question">
            <field name="survey_id" ref="safety_questionnaire_form"/>
            <field name="sequence">3</field>
            <field name="title">
                The Tenderer has determined external and internal issues that are relevant to its purpose and that affect
                its ability to achieve the intended outcome(s) of its OH&amp;S management system.</field>
            <field name="question_type">simple_choice</field>
            <field name="comments_allowed" eval="True"/>
            <field name="comments_message">Findings / Evidences</field>
            <field name="constr_mandatory" eval="False"/>
        </record>

        <!-- Question No. 1 (CHOICES) -->
            <record id="safety_question_context_q1_ans1" model="survey.question.answer">
                <field name="question_id" ref="safety_question_context_q1"/>
                <field name="sequence">1</field>
                <field name="value">Not Applicable</field>
                <field name="answer_score">0</field>
            </record>
            <record id="safety_question_context_q1_ans2" model="survey.question.answer">
                <field name="question_id" ref="safety_question_context_q1"/>
                <field name="sequence">2</field>
                <field name="value">No relevant document submitted. Or the submitted document cannot be evaluated.</field>
                <field name="answer_score">1</field>
            </record>
            <record id="safety_question_context_q1_ans3" model="survey.question.answer">
                <field name="question_id" ref="safety_question_context_q1"/>
                <field name="sequence">3</field>
                <field name="value">The Tenderer has not sufficiently determined external and internal issues that are
                    relevant to its purpose and that affect its ability to achieve the intended outcome(s) of its OH&amp;S management system.</field>
                <field name="answer_score">3</field>
            </record>
            <record id="safety_question_context_q1_ans4" model="survey.question.answer">
                <field name="question_id" ref="safety_question_context_q1"/>
                <field name="sequence">4</field>
                <field name="value">The Tenderer has partially determined external and internal issues that are relevant
                    to its purpose and that affect its ability to achieve the intended outcome(s) of its OH&amp;S management system.</field>
                <field name="answer_score">6</field>
            </record>
            <record id="safety_question_context_q1_ans5" model="survey.question.answer">
                <field name="question_id" ref="safety_question_context_q1"/>
                <field name="sequence">5</field>
                <field name="value">The Tenderer has comprehensively determined external and internal issues that are
                    relevant to its purpose and that affect its ability to achieve the intended outcome(s) of its OH&amp;S management system.</field>
                <field name="answer_score">10</field>
            </record>

        <record id="safety_question_context_cat_3" model="survey.question">
            <field name="title">4.2 Understanding the needs and expectations of workers and other interested parties</field>
            <field name="survey_id" ref="safety_questionnaire_form"/>
            <field name="sequence">4</field>
            <field name="question_type" eval="False"/>
            <field name="is_page" eval="True"/>
            <field name="description" type="html">
                <p>Context of the Tenderer</p>
            </field>
        </record>

        <!-- Question No. 2 -->
        <record id="safety_question_context_q2" model="survey.question">
            <field name="survey_id" ref="safety_questionnaire_form"/>
            <field name="sequence">5</field>
            <field name="title">
                The Tenderer has determined the other interested parties, in addition to workers, that are relevant to the OH&amp;S management system.</field>
            <field name="question_type">simple_choice</field>
            <field name="comments_allowed" eval="True"/>
            <field name="comments_message">Findings / Evidences</field>
            <field name="constr_mandatory" eval="False"/>
        </record>

        <!-- Question No. 2 (CHOICES) -->
            <record id="safety_question_context_q2_ans1" model="survey.question.answer">
                <field name="question_id" ref="safety_question_context_q2"/>
                <field name="sequence">1</field>
                <field name="value">Not Applicable</field>
                <field name="answer_score">0</field>
            </record>
            <record id="safety_question_context_q2_ans2" model="survey.question.answer">
                <field name="question_id" ref="safety_question_context_q2"/>
                <field name="sequence">2</field>
                <field name="value">No relevant document submitted. Or the submitted document cannot be evaluated.</field>
                <field name="answer_score">1</field>
            </record>
            <record id="safety_question_context_q2_ans3" model="survey.question.answer">
                <field name="question_id" ref="safety_question_context_q2"/>
                <field name="sequence">3</field>
                <field name="value">The Tenderer has not sufficiently determined the other interested parties, in addition
                    to workers, that are relevant to the OH&amp;S management system</field>
                <field name="answer_score">3</field>
            </record>
            <record id="safety_question_context_q2_ans4" model="survey.question.answer">
                <field name="question_id" ref="safety_question_context_q2"/>
                <field name="sequence">4</field>
                <field name="value">The Tenderer has partially determined the other interested parties, in addition to
                    workers, that are relevant to the OH&amp;S management system</field>
                <field name="answer_score">6</field>
            </record>
            <record id="safety_question_context_q2_ans5" model="survey.question.answer">
                <field name="question_id" ref="safety_question_context_q2"/>
                <field name="sequence">5</field>
                <field name="value">The Tenderer comprehensively has determined the other interested parties,
                    in addition to workers, that are relevant to the OH&amp;S management system</field>
                <field name="answer_score">10</field>
            </record>

        <!-- Question No. 3 -->
        <record id="safety_question_context_q3" model="survey.question">
            <field name="survey_id" ref="safety_questionnaire_form"/>
            <field name="sequence">6</field>
            <field name="title">
                The Tenderer has determined the relevant needs and expectations (i.e. requirements) of workers and other interested parties</field>
            <field name="question_type">simple_choice</field>
            <field name="comments_allowed" eval="True"/>
            <field name="comments_message">Findings / Evidences</field>
            <field name="constr_mandatory" eval="False"/>
        </record>

        <!-- Question No. 3 (CHOICES) -->
            <record id="safety_question_context_q3_ans1" model="survey.question.answer">
                <field name="question_id" ref="safety_question_context_q3"/>
                <field name="sequence">1</field>
                <field name="value">Not Applicable</field>
                <field name="answer_score">0</field>
            </record>
            <record id="safety_question_context_q3_ans2" model="survey.question.answer">
                <field name="question_id" ref="safety_question_context_q3"/>
                <field name="sequence">2</field>
                <field name="value">No relevant document submitted. Or the submitted document cannot be evaluated.</field>
                <field name="answer_score">1</field>
            </record>
            <record id="safety_question_context_q3_ans3" model="survey.question.answer">
                <field name="question_id" ref="safety_question_context_q3"/>
                <field name="sequence">3</field>
                <field name="value">The Tenderer has not sufficiently determined the relevant needs and expectations
                    (i.e. requirements) of workers and other interested parties</field>
                <field name="answer_score">3</field>
            </record>
            <record id="safety_question_context_q3_ans4" model="survey.question.answer">
                <field name="question_id" ref="safety_question_context_q3"/>
                <field name="sequence">4</field>
                <field name="value">The Tenderer has partially determined the relevant needs and expectations
                    (i.e. requirements) of workers and other interested parties</field>
                <field name="answer_score">6</field>
            </record>
            <record id="safety_question_context_q3_ans5" model="survey.question.answer">
                <field name="question_id" ref="safety_question_context_q3"/>
                <field name="sequence">5</field>
                <field name="value">The Tenderer has comprehensively determined the relevant needs and expectations
                    (i.e. requirements) of workers and other interested parties</field>
                <field name="answer_score">10</field>
            </record>

        <!-- Question No. 4 -->
        <record id="safety_question_context_q4" model="survey.question">
            <field name="survey_id" ref="safety_questionnaire_form"/>
            <field name="sequence">7</field>
            <field name="title">
                The Tenderer has determined which of these needs and expectations are, or could become,
                legal requirements and other requirements.</field>
            <field name="question_type">simple_choice</field>
            <field name="comments_allowed" eval="True"/>
            <field name="comments_message">Findings / Evidences</field>
            <field name="constr_mandatory" eval="False"/>
        </record>

        <!-- Question No. 4 (CHOICES) -->
            <record id="safety_question_context_q4_ans1" model="survey.question.answer">
                <field name="question_id" ref="safety_question_context_q4"/>
                <field name="sequence">1</field>
                <field name="value">Not Applicable</field>
                <field name="answer_score">0</field>
            </record>
            <record id="safety_question_context_q4_ans2" model="survey.question.answer">
                <field name="question_id" ref="safety_question_context_q4"/>
                <field name="sequence">2</field>
                <field name="value">No relevant document submitted. Or the submitted document cannot be evaluated.</field>
                <field name="answer_score">1</field>
            </record>
            <record id="safety_question_context_q4_ans3" model="survey.question.answer">
                <field name="question_id" ref="safety_question_context_q4"/>
                <field name="sequence">3</field>
                <field name="value">The Tenderer has not sufficiently determined which of these needs and expectations are,
                    or could become, legal requirements and other requirements.</field>
                <field name="answer_score">3</field>
            </record>
            <record id="safety_question_context_q4_ans4" model="survey.question.answer">
                <field name="question_id" ref="safety_question_context_q4"/>
                <field name="sequence">4</field>
                <field name="value">The Tenderer has partially determined which of these needs and expectations are,
                    or could become, legal requirements and other requirements</field>
                <field name="answer_score">6</field>
            </record>
            <record id="safety_question_context_q4_ans5" model="survey.question.answer">
                <field name="question_id" ref="safety_question_context_q4"/>
                <field name="sequence">5</field>
                <field name="value">The Tenderer has comprehensively determined which of these needs and expectations are,
                    or could become, legal requirements and other requirements</field>
                <field name="answer_score">10</field>
            </record>

        <record id="safety_question_context_cat_4" model="survey.question">
            <field name="title">4.3 Determining the scope of the OH&amp;S management system</field>
            <field name="survey_id" ref="safety_questionnaire_form"/>
            <field name="sequence">8</field>
            <field name="question_type" eval="False"/>
            <field name="is_page" eval="True"/>
            <field name="description" type="html">
                <p>Context of the Tenderer</p>
            </field>
        </record>

        <!-- Question No. 5 -->
        <record id="safety_question_context_q5" model="survey.question">
            <field name="survey_id" ref="safety_questionnaire_form"/>
            <field name="sequence">9</field>
            <field name="title">
                The Tenderer has determined the boundaries and applicability of the OH&amp;S management system
                to established its scope</field>
            <field name="question_type">simple_choice</field>
            <field name="comments_allowed" eval="True"/>
            <field name="comments_message">Findings / Evidences</field>
            <field name="constr_mandatory" eval="False"/>
        </record>

        <!-- Question No. 5 (CHOICES) -->
            <record id="safety_question_context_q5_ans1" model="survey.question.answer">
                <field name="question_id" ref="safety_question_context_q5"/>
                <field name="sequence">1</field>
                <field name="value">Not Applicable</field>
                <field name="answer_score">0</field>
            </record>
            <record id="safety_question_context_q5_ans2" model="survey.question.answer">
                <field name="question_id" ref="safety_question_context_q5"/>
                <field name="sequence">2</field>
                <field name="value">No relevant document submitted. Or the submitted document cannot be evaluated.</field>
                <field name="answer_score">1</field>
            </record>
            <record id="safety_question_context_q5_ans3" model="survey.question.answer">
                <field name="question_id" ref="safety_question_context_q5"/>
                <field name="sequence">3</field>
                <field name="value">The Tenderer has not sufficiently determined the boundaries and applicability of the
                    OH&amp;S management system to establish its scope</field>
                <field name="answer_score">3</field>
            </record>
            <record id="safety_question_context_q5_ans4" model="survey.question.answer">
                <field name="question_id" ref="safety_question_context_q5"/>
                <field name="sequence">4</field>
                <field name="value">The Tenderer has partially determined the boundaries and applicability of the OH&amp;S
                    management system to establish its scope</field>
                <field name="answer_score">6</field>
            </record>
            <record id="safety_question_context_q5_ans5" model="survey.question.answer">
                <field name="question_id" ref="safety_question_context_q5"/>
                <field name="sequence">5</field>
                <field name="value">The Tenderer has comprehensively determined the boundaries and applicability of the
                    OH&amp;S management system to establish its scope</field>
                <field name="answer_score">10</field>
            </record>

        <!-- Question No. 6 -->
        <record id="safety_question_context_q6" model="survey.question">
            <field name="survey_id" ref="safety_questionnaire_form"/>
            <field name="sequence">10</field>
            <field name="title">
                The Tenderer has considered the external and internal issues in determining the scope</field>
            <field name="question_type">simple_choice</field>
            <field name="comments_allowed" eval="True"/>
            <field name="comments_message">Findings / Evidences</field>
            <field name="constr_mandatory" eval="False"/>
        </record>

        <!-- Question No. 6 (CHOICES) -->
            <record id="safety_question_context_q6_ans1" model="survey.question.answer">
                <field name="question_id" ref="safety_question_context_q6"/>
                <field name="sequence">1</field>
                <field name="value">Not Applicable</field>
                <field name="answer_score">0</field>
            </record>
            <record id="safety_question_context_q6_ans2" model="survey.question.answer">
                <field name="question_id" ref="safety_question_context_q6"/>
                <field name="sequence">2</field>
                <field name="value">No relevant document submitted. Or the submitted document cannot be evaluated.</field>
                <field name="answer_score">1</field>
            </record>
            <record id="safety_question_context_q6_ans3" model="survey.question.answer">
                <field name="question_id" ref="safety_question_context_q6"/>
                <field name="sequence">3</field>
                <field name="value">The Tenderer has not sufficiently considered the external and internal issues when determining the scope</field>
                <field name="answer_score">3</field>
            </record>
            <record id="safety_question_context_q6_ans4" model="survey.question.answer">
                <field name="question_id" ref="safety_question_context_q6"/>
                <field name="sequence">4</field>
                <field name="value">The Tenderer has partially considered the external and internal issues when determining the scope</field>
                <field name="answer_score">6</field>
            </record>
            <record id="safety_question_context_q6_ans5" model="survey.question.answer">
                <field name="question_id" ref="safety_question_context_q6"/>
                <field name="sequence">5</field>
                <field name="value">The Tenderer has comprehensively considered the external and internal issues when determining the scope</field>
                <field name="answer_score">10</field>
            </record>

        <!-- Question No. 7 -->
        <record id="safety_question_context_q7" model="survey.question">
            <field name="survey_id" ref="safety_questionnaire_form"/>
            <field name="sequence">11</field>
            <field name="title">
                When determining the scope, the Tenderer has taken into account the requirements of workers and other interested parties</field>
            <field name="question_type">simple_choice</field>
            <field name="comments_allowed" eval="True"/>
            <field name="comments_message">Findings / Evidences</field>
            <field name="constr_mandatory" eval="False"/>
        </record>

        <!-- Question No. 7 (CHOICES) -->
            <record id="safety_question_context_q7_ans1" model="survey.question.answer">
                <field name="question_id" ref="safety_question_context_q7"/>
                <field name="sequence">1</field>
                <field name="value">Not Applicable</field>
                <field name="answer_score">0</field>
            </record>
            <record id="safety_question_context_q7_ans2" model="survey.question.answer">
                <field name="question_id" ref="safety_question_context_q7"/>
                <field name="sequence">2</field>
                <field name="value">No relevant document submitted. Or the submitted document cannot be evaluated.</field>
                <field name="answer_score">1</field>
            </record>
            <record id="safety_question_context_q7_ans3" model="survey.question.answer">
                <field name="question_id" ref="safety_question_context_q7"/>
                <field name="sequence">3</field>
                <field name="value">When determining the scope, the Tenderer has not taken into account the
                    requirements of workers and other interested parties</field>
                <field name="answer_score">3</field>
            </record>
            <record id="safety_question_context_q7_ans4" model="survey.question.answer">
                <field name="question_id" ref="safety_question_context_q7"/>
                <field name="sequence">4</field>
                <field name="value">When determining the scope, the Tenderer has partially taken into account the
                    requirements of workers and other interested parties</field>
                <field name="answer_score">6</field>
            </record>
            <record id="safety_question_context_q7_ans5" model="survey.question.answer">
                <field name="question_id" ref="safety_question_context_q7"/>
                <field name="sequence">5</field>
                <field name="value">When determining the scope, the Tenderer has comprehensively taken into account
                    the requirements of workers and other interested parties</field>
                <field name="answer_score">10</field>
            </record>

        <!-- Question No. 8 -->
        <record id="safety_question_context_q8" model="survey.question">
            <field name="survey_id" ref="safety_questionnaire_form"/>
            <field name="sequence">12</field>
            <field name="title">
                The submitted OH&amp;S management documents included the activities, products and services within the
                Tenderer’s control or influence that can impact the Tenderer’s OH&amp;S performance.</field>
            <field name="question_type">simple_choice</field>
            <field name="comments_allowed" eval="True"/>
            <field name="comments_message">Findings / Evidences</field>
            <field name="constr_mandatory" eval="False"/>
        </record>

        <!-- Question No. 8 (CHOICES) -->
            <record id="safety_question_context_q8_ans1" model="survey.question.answer">
                <field name="question_id" ref="safety_question_context_q8"/>
                <field name="sequence">1</field>
                <field name="value">Not Applicable</field>
                <field name="answer_score">0</field>
            </record>
            <record id="safety_question_context_q8_ans2" model="survey.question.answer">
                <field name="question_id" ref="safety_question_context_q8"/>
                <field name="sequence">2</field>
                <field name="value">No relevant document submitted. Or the submitted document cannot be evaluated.</field>
                <field name="answer_score">1</field>
            </record>
            <record id="safety_question_context_q8_ans3" model="survey.question.answer">
                <field name="question_id" ref="safety_question_context_q8"/>
                <field name="sequence">3</field>
                <field name="value">The submitted OH&amp;S management documents has not sufficiently included the activities,
                    products and services within the Tenderer’s control or influence that can impact the Tenderer’s OH&amp;S performance.</field>
                <field name="answer_score">3</field>
            </record>
            <record id="safety_question_context_q8_ans4" model="survey.question.answer">
                <field name="question_id" ref="safety_question_context_q8"/>
                <field name="sequence">4</field>
                <field name="value">The submitted OH&amp;S management documents has partially included the activities,
                    products and services within the Tenderer’s control or influence that can impact the Tenderer’s OH&amp;S performance.</field>
                <field name="answer_score">6</field>
            </record>
            <record id="safety_question_context_q8_ans5" model="survey.question.answer">
                <field name="question_id" ref="safety_question_context_q8"/>
                <field name="sequence">5</field>
                <field name="value">The submitted OH&amp;S management documents has comprehensively included the activities,
                    products and services within the Tenderer’s control or influence that can impact the Tenderer’s OH&amp;S performance.</field>
                <field name="answer_score">10</field>
            </record>

        <!-- Question No. 9 -->
        <record id="safety_question_context_q9" model="survey.question">
            <field name="survey_id" ref="safety_questionnaire_form"/>
            <field name="sequence">13</field>
            <field name="title">
                The scope is available as documented information.</field>
            <field name="question_type">simple_choice</field>
            <field name="comments_allowed" eval="True"/>
            <field name="comments_message">Findings / Evidences</field>
            <field name="constr_mandatory" eval="False"/>
        </record>

        <!-- Question No. 9 (CHOICES) -->
            <record id="safety_question_context_q9_ans1" model="survey.question.answer">
                <field name="question_id" ref="safety_question_context_q9"/>
                <field name="sequence">1</field>
                <field name="value">Not Applicable</field>
                <field name="answer_score">0</field>
            </record>
            <record id="safety_question_context_q9_ans2" model="survey.question.answer">
                <field name="question_id" ref="safety_question_context_q9"/>
                <field name="sequence">2</field>
                <field name="value">No relevant document submitted. Or the submitted document cannot be evaluated.</field>
                <field name="answer_score">1</field>
            </record>
            <record id="safety_question_context_q9_ans3" model="survey.question.answer">
                <field name="question_id" ref="safety_question_context_q9"/>
                <field name="sequence">3</field>
                <field name="value">The scope is not available as documented information.</field>
                <field name="answer_score">3</field>
            </record>
            <record id="safety_question_context_q9_ans4" model="survey.question.answer">
                <field name="question_id" ref="safety_question_context_q9"/>
                <field name="sequence">4</field>
                <field name="value">The scope is available as documented information. But it is not satisfactory and does not in all circumstances.</field>
                <field name="answer_score">6</field>
            </record>
            <record id="safety_question_context_q9_ans5" model="survey.question.answer">
                <field name="question_id" ref="safety_question_context_q9"/>
                <field name="sequence">5</field>
                <field name="value">The scope is available as documented information, and it covers all circumstances.</field>
                <field name="answer_score">10</field>
            </record>

    </data>
</odoo>
