<?xml version="1.0" encoding="UTF-8"?>
<odoo>
    <data noupdate="1">
        <!-- IMPROVEMENT 10 -->
        <record id="safety_question_improvement_category" model="survey.question">
            <field name="title">10. Improvement</field>
            <field name="survey_id" ref="safety_questionnaire_form"/>
            <field name="sequence">230</field>
            <field name="question_type" eval="False"/>
            <field name="is_page" eval="True"/>
            <field name="description" type="html">
                <p>Improvement of the Tenderer</p>
            </field>
        </record>

        <!-- IMPROVEMENT 10.2 -->
        <record id="safety_question_improvement_category_2" model="survey.question">
            <field name="title">10.2 Incident, nonconformity and corrective action</field>
            <field name="survey_id" ref="safety_questionnaire_form"/>
            <field name="sequence">231</field>
            <field name="question_type" eval="False"/>
            <field name="is_page" eval="True"/>
            <field name="description" type="html">
                <p>Improvement of the Tenderer</p>
            </field>
        </record>

        <!-- Question No. 182 -->
        <record id="safety_question_improvement_q182" model="survey.question">
            <field name="survey_id" ref="safety_questionnaire_form"/>
            <field name="sequence">232</field>
            <field name="title">
                The Tenderer has a procedure and process to ensure that when an incident or a nonconformity occurs, they investigate the incident or review the nonconformity,  in order that it does not recur or occur elsewhere.</field>
            <field name="question_type">simple_choice</field>
            <field name="comments_allowed" eval="True"/>
            <field name="comments_message">Findings / Evidences</field>
            <field name="constr_mandatory" eval="False"/>
        </record>
        <!-- Question No. 182 (CHOICES) -->
            <record id="safety_question_improvement_q182_ans1" model="survey.question.answer">
                <field name="question_id" ref="safety_question_improvement_q182"/>
                <field name="sequence">1</field>
                <field name="value">Not Applicable</field>
                <field name="answer_score">0</field>
            </record>
            <record id="safety_question_improvement_q182_ans2" model="survey.question.answer">
                <field name="question_id" ref="safety_question_improvement_q182"/>
                <field name="sequence">2</field>
                <field name="value">No relevant document submitted. Or the submitted document cannot be evaluated.</field>
                <field name="answer_score">1</field>
            </record>
            <record id="safety_question_improvement_q182_ans3" model="survey.question.answer">
                <field name="question_id" ref="safety_question_improvement_q182"/>
                <field name="sequence">3</field>
                <field name="value">The Tenderer has not a procedure and process to ensure that when an incident or a nonconformity occurs, they investigate the incident or review the nonconformity,  in order that it does not recur or occur elsewhere.</field>
                <field name="answer_score">3</field>
            </record>
            <record id="safety_question_improvement_q182_ans4" model="survey.question.answer">
                <field name="question_id" ref="safety_question_improvement_q182"/>
                <field name="sequence">4</field>
                <field name="value">The Tenderer has a partial procedure and process to ensure that when an incident or a nonconformity occurs, they investigate the incident or review the nonconformity,  in order that it does not recur or occur elsewhere.</field>
                <field name="answer_score">6</field>
            </record>
            <record id="safety_question_improvement_q182_ans5" model="survey.question.answer">
                <field name="question_id" ref="safety_question_improvement_q182"/>
                <field name="sequence">5</field>
                <field name="value">The Tenderer has a comprehensive procedure and process to ensure that when an incident or a nonconformity occurs, they investigate the incident or review the nonconformity,  in order that it does not recur or occur elsewhere.</field>
                <field name="answer_score">10</field>
            </record>

        <!-- Question No. 183 -->
        <record id="safety_question_improvement_q183" model="survey.question">
            <field name="survey_id" ref="safety_questionnaire_form"/>
            <field name="sequence">233</field>
            <field name="title">
                The Tenderer has a procedure and process to ensure that when an incident or a nonconformity occurs, they investigate the incident or review it so as to determine the cause(s) of the incident or nonconformity.</field>
            <field name="question_type">simple_choice</field>
            <field name="comments_allowed" eval="True"/>
            <field name="comments_message">Findings / Evidences</field>
            <field name="constr_mandatory" eval="False"/>
        </record>
        <!-- Question No. 183 (CHOICES) -->
            <record id="safety_question_improvement_q183_ans1" model="survey.question.answer">
                <field name="question_id" ref="safety_question_improvement_q183"/>
                <field name="sequence">1</field>
                <field name="value">Not Applicable</field>
                <field name="answer_score">0</field>
            </record>
            <record id="safety_question_improvement_q183_ans2" model="survey.question.answer">
                <field name="question_id" ref="safety_question_improvement_q183"/>
                <field name="sequence">2</field>
                <field name="value">No relevant document submitted. Or the submitted document cannot be evaluated.</field>
                <field name="answer_score">1</field>
            </record>
            <record id="safety_question_improvement_q183_ans3" model="survey.question.answer">
                <field name="question_id" ref="safety_question_improvement_q183"/>
                <field name="sequence">3</field>
                <field name="value">The Tenderer has not a procedure and process to ensure that when an incident or a nonconformity occurs, they investigate the incident or review it so as to determine the cause(s) of the incident or nonconformity.</field>
                <field name="answer_score">3</field>
            </record>
            <record id="safety_question_improvement_q183_ans4" model="survey.question.answer">
                <field name="question_id" ref="safety_question_improvement_q183"/>
                <field name="sequence">4</field>
                <field name="value">The Tenderer has a partial procedure and process to ensure that when an incident or a nonconformity occurs, they investigate the incident or review it so as to determine the cause(s) of the incident or nonconformity.</field>
                <field name="answer_score">6</field>
            </record>
            <record id="safety_question_improvement_q183_ans5" model="survey.question.answer">
                <field name="question_id" ref="safety_question_improvement_q183"/>
                <field name="sequence">5</field>
                <field name="value">The Tenderer has a comprehensive procedure and process to ensure that when an incident or a nonconformity occurs, they investigate the incident or review it so as to determine the cause(s) of the incident or nonconformity.</field>
                <field name="answer_score">10</field>
            </record>

        <!-- Question No. 184 -->
        <record id="safety_question_improvement_q184" model="survey.question">
            <field name="survey_id" ref="safety_questionnaire_form"/>
            <field name="sequence">234</field>
            <field name="title">
                The Tenderer has a procedure and process to ensure that when an incident or a nonconformity occurs, they investigate the incident or review the nonconformity, by examining historical information and data to determine if there is any correlations.</field>
            <field name="question_type">simple_choice</field>
            <field name="comments_allowed" eval="True"/>
            <field name="comments_message">Findings / Evidences</field>
            <field name="constr_mandatory" eval="False"/>
        </record>
        <!-- Question No. 184 (CHOICES) -->
            <record id="safety_question_improvement_q184_ans1" model="survey.question.answer">
                <field name="question_id" ref="safety_question_improvement_q184"/>
                <field name="sequence">1</field>
                <field name="value">Not Applicable</field>
                <field name="answer_score">0</field>
            </record>
            <record id="safety_question_improvement_q184_ans2" model="survey.question.answer">
                <field name="question_id" ref="safety_question_improvement_q184"/>
                <field name="sequence">2</field>
                <field name="value">No relevant document submitted. Or the submitted document cannot be evaluated.</field>
                <field name="answer_score">1</field>
            </record>
            <record id="safety_question_improvement_q184_ans3" model="survey.question.answer">
                <field name="question_id" ref="safety_question_improvement_q184"/>
                <field name="sequence">3</field>
                <field name="value">The Tenderer has not a procedure and process to ensure that when an incident or a nonconformity occurs, they investigate the incident or review the nonconformity, by examining historical information and data to determine if there is any correlations.</field>
                <field name="answer_score">3</field>
            </record>
            <record id="safety_question_improvement_q184_ans4" model="survey.question.answer">
                <field name="question_id" ref="safety_question_improvement_q184"/>
                <field name="sequence">4</field>
                <field name="value">The Tenderer has a partial procedure and process to ensure that when an incident or a nonconformity occurs, they investigate the incident or review the nonconformity, by examining historical information and data to determine if there is any correlations.</field>
                <field name="answer_score">6</field>
            </record>
            <record id="safety_question_improvement_q184_ans5" model="survey.question.answer">
                <field name="question_id" ref="safety_question_improvement_q184"/>
                <field name="sequence">5</field>
                <field name="value">The Tenderer has a comprehensive procedure and process to ensure that when an incident or a nonconformity occurs, they investigate the incident or review the nonconformity, by examining historical information and data to determine if there is any correlations.</field>
                <field name="answer_score">10</field>
            </record>

        <!-- Question No. 185 -->
        <record id="safety_question_improvement_q185" model="survey.question">
            <field name="survey_id" ref="safety_questionnaire_form"/>
            <field name="sequence">235</field>
            <field name="title">
                When an incident or a nonconformity occurs, the Tenderer has in conjunction with immediate analysis, incorporated the review of historical assessments of OH&amp;S risks and other risks, as appropriate within the organisation, to determine and implement any action needed, including corrective action/s, that are in accordance with application of the hierarchy of controls and the management of change.</field>
            <field name="question_type">simple_choice</field>
            <field name="comments_allowed" eval="True"/>
            <field name="comments_message">Findings / Evidences</field>
            <field name="constr_mandatory" eval="False"/>
        </record>
        <!-- Question No. 185 (CHOICES) -->
            <record id="safety_question_improvement_q185_ans1" model="survey.question.answer">
                <field name="question_id" ref="safety_question_improvement_q185"/>
                <field name="sequence">1</field>
                <field name="value">Not Applicable</field>
                <field name="answer_score">0</field>
            </record>
            <record id="safety_question_improvement_q185_ans2" model="survey.question.answer">
                <field name="question_id" ref="safety_question_improvement_q185"/>
                <field name="sequence">2</field>
                <field name="value">No relevant document submitted. Or the submitted document cannot be evaluated.</field>
                <field name="answer_score">1</field>
            </record>
            <record id="safety_question_improvement_q185_ans3" model="survey.question.answer">
                <field name="question_id" ref="safety_question_improvement_q185"/>
                <field name="sequence">3</field>
                <field name="value">When an incident or a nonconformity occurs, the Tenderer has in conjunction with immediate analysis, not incorporated the review of historical assessments of OH&amp;S risks and other risks, as appropriate within the organisation, nor have they determined and implemented any actions needed, including corrective action/s, that are in accordance with application of the hierarchy of controls and the management of change.</field>
                <field name="answer_score">3</field>
            </record>
            <record id="safety_question_improvement_q185_ans4" model="survey.question.answer">
                <field name="question_id" ref="safety_question_improvement_q185"/>
                <field name="sequence">4</field>
                <field name="value">When an incident or a nonconformity occurs, the Tenderer has in conjunction with immediate analysis, partially incorporated the review of historical assessments of OH&amp;S risks and other risks, as appropriate within the organisation, and partially determined and implemented any actions needed, including corrective action/s, that are in accordance with application of the hierarchy of controls and the management of change.</field>
                <field name="answer_score">6</field>
            </record>
            <record id="safety_question_improvement_q185_ans5" model="survey.question.answer">
                <field name="question_id" ref="safety_question_improvement_q185"/>
                <field name="sequence">5</field>
                <field name="value">When an incident or a nonconformity occurs, the Tenderer has in conjunction with immediate analysis, comprehensively incorporated the review of historical assessments of OH&amp;S risks and other risks, as appropriate within the organisation, to consistently determine and implement any action needed, including corrective action/s, that are in accordance with application of the hierarchy of controls and the management of change.</field>
                <field name="answer_score">10</field>
            </record>

        <!-- Question No. 186 -->
        <record id="safety_question_improvement_q186" model="survey.question">
            <field name="survey_id" ref="safety_questionnaire_form"/>
            <field name="sequence">236</field>
            <field name="title">
                When an incident or a nonconformity occurs, the Tenderer has in conjunction with immediate analysis, incorporated the review of historical assessments of OH&amp;S risks and other risks, as appropriate and assessed OH&amp;S risks that relate to new or changed hazards, prior to taking action.</field>
            <field name="question_type">simple_choice</field>
            <field name="comments_allowed" eval="True"/>
            <field name="comments_message">Findings / Evidences</field>
            <field name="constr_mandatory" eval="False"/>
        </record>
        <!-- Question No. 186 (CHOICES) -->
            <record id="safety_question_improvement_q186_ans1" model="survey.question.answer">
                <field name="question_id" ref="safety_question_improvement_q186"/>
                <field name="sequence">1</field>
                <field name="value">Not Applicable</field>
                <field name="answer_score">0</field>
            </record>
            <record id="safety_question_improvement_q186_ans2" model="survey.question.answer">
                <field name="question_id" ref="safety_question_improvement_q186"/>
                <field name="sequence">2</field>
                <field name="value">No relevant document submitted. Or the submitted document cannot be evaluated.</field>
                <field name="answer_score">1</field>
            </record>
            <record id="safety_question_improvement_q186_ans3" model="survey.question.answer">
                <field name="question_id" ref="safety_question_improvement_q186"/>
                <field name="sequence">3</field>
                <field name="value">When an incident or a nonconformity has occurred, the Tenderer has not, in conjunction with immediate analysis, incorporated any review of historical assessments of OH&amp;S risks and other risks as appropriate and then assessed OH&amp;S risks that relate to new or changed hazards, prior to taking action.</field>
                <field name="answer_score">3</field>
            </record>
            <record id="safety_question_improvement_q186_ans4" model="survey.question.answer">
                <field name="question_id" ref="safety_question_improvement_q186"/>
                <field name="sequence">4</field>
                <field name="value">When an incident or a nonconformity has occurred, the Tenderer has partially, in conjunction with immediate analysis, incorporated a review of some historical assessments of OH&amp;S risks and other risks as appropriate and then assessed OH&amp;S risks that relate to new or changed hazards, prior to taking action.</field>
                <field name="answer_score">6</field>
            </record>
            <record id="safety_question_improvement_q186_ans5" model="survey.question.answer">
                <field name="question_id" ref="safety_question_improvement_q186"/>
                <field name="sequence">5</field>
                <field name="value">When an incident or a nonconformity occurs, the Tenderer has in conjunction with immediate analysis, comprehensively incorporated the review of historical assessments of OH&amp;S risks and other risks, as appropriate and thoroughly assessed OH&amp;S risks that relate to new or changed hazards, prior to taking action.</field>
                <field name="answer_score">10</field>
            </record>

        <!-- Question No. 187 -->
        <record id="safety_question_improvement_q187" model="survey.question">
            <field name="survey_id" ref="safety_questionnaire_form"/>
            <field name="sequence">237</field>
            <field name="title">
                When an incident or a nonconformity occurs, the Tenderer has in conjunction with immediate analysis, incorporated the review of historical assessments of OH&amp;S risks and other risks, as appropriate and then reviewed the effectiveness of any action taken, including corrective actions.</field>
            <field name="question_type">simple_choice</field>
            <field name="comments_allowed" eval="True"/>
            <field name="comments_message">Findings / Evidences</field>
            <field name="constr_mandatory" eval="False"/>
        </record>
        <!-- Question No. 187 (CHOICES) -->
            <record id="safety_question_improvement_q187_ans1" model="survey.question.answer">
                <field name="question_id" ref="safety_question_improvement_q187"/>
                <field name="sequence">1</field>
                <field name="value">Not Applicable</field>
                <field name="answer_score">0</field>
            </record>
            <record id="safety_question_improvement_q187_ans2" model="survey.question.answer">
                <field name="question_id" ref="safety_question_improvement_q187"/>
                <field name="sequence">2</field>
                <field name="value">No relevant document submitted. Or the submitted document cannot be evaluated.</field>
                <field name="answer_score">1</field>
            </record>
            <record id="safety_question_improvement_q187_ans3" model="survey.question.answer">
                <field name="question_id" ref="safety_question_improvement_q187"/>
                <field name="sequence">3</field>
                <field name="value">When an incident or a nonconformity has occurred, the Tenderer has not, in conjunction with immediate analysis, incorporated any review of historical assessments of OH&amp;S risks and other risks as appropriate. It has not then reviewed these to establish the effectiveness of any action taken, including any corrective actions.</field>
                <field name="answer_score">3</field>
            </record>
            <record id="safety_question_improvement_q187_ans4" model="survey.question.answer">
                <field name="question_id" ref="safety_question_improvement_q187"/>
                <field name="sequence">4</field>
                <field name="value">When an incident or a nonconformity has occurred, the Tenderer has partially, in conjunction with immediate analysis, incorporated a review of historical assessments of OH&amp;S risks and other risks as appropriate. These have partially been reviewed these to establish the effectiveness of any action taken, including any corrective actions.</field>
                <field name="answer_score">6</field>
            </record>
            <record id="safety_question_improvement_q187_ans5" model="survey.question.answer">
                <field name="question_id" ref="safety_question_improvement_q187"/>
                <field name="sequence">5</field>
                <field name="value">When an incident or a nonconformity occurs, the Tenderer has in conjunction with immediate analysis, comprehensively incorporated the review of historical assessments of OH&amp;S risks and other risks, as appropriate and then consistently reviewed the effectiveness of any action taken, including corrective actions.</field>
                <field name="answer_score">10</field>
            </record>

        <!-- Question No. 188 -->
        <record id="safety_question_improvement_q188" model="survey.question">
            <field name="survey_id" ref="safety_questionnaire_form"/>
            <field name="sequence">238</field>
            <field name="title">
                When an incident or a nonconformity occurs, the Tenderer has in conjunction with immediate analysis, incorporated the review of historical assessments of OH&amp;amp;S risks and other risks, as appropriate implements changes to the OH&amp;S management system, if necessary.</field>
            <field name="question_type">simple_choice</field>
            <field name="comments_allowed" eval="True"/>
            <field name="comments_message">Findings / Evidences</field>
            <field name="constr_mandatory" eval="False"/>
        </record>
        <!-- Question No. 188 (CHOICES) -->
            <record id="safety_question_improvement_q188_ans1" model="survey.question.answer">
                <field name="question_id" ref="safety_question_improvement_q188"/>
                <field name="sequence">1</field>
                <field name="value">Not Applicable</field>
                <field name="answer_score">0</field>
            </record>
            <record id="safety_question_improvement_q188_ans2" model="survey.question.answer">
                <field name="question_id" ref="safety_question_improvement_q188"/>
                <field name="sequence">2</field>
                <field name="value">No relevant document submitted. Or the submitted document cannot be evaluated.</field>
                <field name="answer_score">1</field>
            </record>
            <record id="safety_question_improvement_q188_ans3" model="survey.question.answer">
                <field name="question_id" ref="safety_question_improvement_q188"/>
                <field name="sequence">3</field>
                <field name="value">When an incident or a nonconformity has occurred, the Tenderer has not, in conjunction with immediate analysis, incorporated any review of historical assessments of OH&amp;S risks and other risks as appropriate. Nor is the implementation of change to the OH&amp;S management system, evident.</field>
                <field name="answer_score">3</field>
            </record>
            <record id="safety_question_improvement_q188_ans4" model="survey.question.answer">
                <field name="question_id" ref="safety_question_improvement_q188"/>
                <field name="sequence">4</field>
                <field name="value">When an incident or a nonconformity has occurred, the Tenderer has partially, in conjunction with immediate analysis, incorporated a review of historical assessments of OH&amp;S risks and other risks as appropriate. The implementation of change to the OH&amp;S management system, is partially evident.</field>
                <field name="answer_score">6</field>
            </record>
            <record id="safety_question_improvement_q188_ans5" model="survey.question.answer">
                <field name="question_id" ref="safety_question_improvement_q188"/>
                <field name="sequence">5</field>
                <field name="value">The Tenderer has consistently internally communicated information relevant to the OH&amp;S management system among the various levels and functions of the Tenderer, including changes to the OH&amp;S management system, as appropriate.</field>
                <field name="answer_score">10</field>
            </record>

        <!-- Question No. 189 -->
        <record id="safety_question_improvement_q189" model="survey.question">
            <field name="survey_id" ref="safety_questionnaire_form"/>
            <field name="sequence">239</field>
            <field name="title">
                In the instance where the Tenderer has an active Enterprise Bargaining Agreement (EBA) in place, it has communicated this information to relevant workers, and, where they exist, workers’ representatives, and other relevant interested parties.</field>
            <field name="question_type">simple_choice</field>
            <field name="comments_allowed" eval="True"/>
            <field name="comments_message">Findings / Evidences</field>
            <field name="constr_mandatory" eval="False"/>
        </record>
        <!-- Question No. 189 (CHOICES) -->
            <record id="safety_question_improvement_q189_ans1" model="survey.question.answer">
                <field name="question_id" ref="safety_question_improvement_q189"/>
                <field name="sequence">1</field>
                <field name="value">Not Applicable</field>
                <field name="answer_score">0</field>
            </record>
            <record id="safety_question_improvement_q189_ans2" model="survey.question.answer">
                <field name="question_id" ref="safety_question_improvement_q189"/>
                <field name="sequence">2</field>
                <field name="value">No relevant document submitted. Or the submitted document cannot be evaluated.</field>
                <field name="answer_score">1</field>
            </record>
            <record id="safety_question_improvement_q189_ans3" model="survey.question.answer">
                <field name="question_id" ref="safety_question_improvement_q189"/>
                <field name="sequence">3</field>
                <field name="value">In the instance where the Tenderer has an active Enterprise Bargaining Agreement (EBA) in place, it has not communicated this information to relevant workers, and, where they exist, workers’ representatives, and other relevant interested parties.</field>
                <field name="answer_score">3</field>
            </record>
            <record id="safety_question_improvement_q189_ans4" model="survey.question.answer">
                <field name="question_id" ref="safety_question_improvement_q189"/>
                <field name="sequence">4</field>
                <field name="value">In the instance where the Tenderer has an active Enterprise Bargaining Agreement (EBA) in place, it has partially communicated this information to relevant workers, and, where they exist, workers’ representatives, and other relevant interested parties.</field>
                <field name="answer_score">6</field>
            </record>
            <record id="safety_question_improvement_q189_ans5" model="survey.question.answer">
                <field name="question_id" ref="safety_question_improvement_q189"/>
                <field name="sequence">5</field>
                <field name="value">In the instance where the Tenderer has an active Enterprise Bargaining Agreement (EBA) in place, it has comprehensively communicated this information to relevant workers, and, where they exist, workers’ representatives, and other relevant interested parties.</field>
                <field name="answer_score">10</field>
            </record>

        <!-- IMPROVEMENT 10.3 -->
        <record id="safety_question_improvement_category_3" model="survey.question">
            <field name="title">10.3 Continual improvement</field>
            <field name="survey_id" ref="safety_questionnaire_form"/>
            <field name="sequence">240</field>
            <field name="question_type" eval="False"/>
            <field name="is_page" eval="True"/>
            <field name="description" type="html">
                <p>Improvement of the Tenderer</p>
            </field>
        </record>

        <!-- Question No. 190 -->
        <record id="safety_question_improvement_q190" model="survey.question">
            <field name="survey_id" ref="safety_questionnaire_form"/>
            <field name="sequence">241</field>
            <field name="title">
                The tenderer has provided examples where a culture of continuous improvement has been active on projects were they are involved.</field>
            <field name="question_type">simple_choice</field>
            <field name="comments_allowed" eval="True"/>
            <field name="comments_message">Findings / Evidences</field>
            <field name="constr_mandatory" eval="False"/>
        </record>
        <!-- Question No. 190 (CHOICES) -->
            <record id="safety_question_improvement_q190_ans1" model="survey.question.answer">
                <field name="question_id" ref="safety_question_improvement_q190"/>
                <field name="sequence">1</field>
                <field name="value">Not Applicable</field>
                <field name="answer_score">0</field>
            </record>
            <record id="safety_question_improvement_q190_ans2" model="survey.question.answer">
                <field name="question_id" ref="safety_question_improvement_q190"/>
                <field name="sequence">2</field>
                <field name="value">No relevant document submitted. Or the submitted document cannot be evaluated.</field>
                <field name="answer_score">1</field>
            </record>
            <record id="safety_question_improvement_q190_ans3" model="survey.question.answer">
                <field name="question_id" ref="safety_question_improvement_q190"/>
                <field name="sequence">3</field>
                <field name="value">The tenderer has not provided examples where a culture of continuous improvement has been active on projects were they are involved.</field>
                <field name="answer_score">3</field>
            </record>
            <record id="safety_question_improvement_q190_ans4" model="survey.question.answer">
                <field name="question_id" ref="safety_question_improvement_q190"/>
                <field name="sequence">4</field>
                <field name="value">The tenderer has partially provided examples where a culture of continuous improvement has been active on projects were they are involved.</field>
                <field name="answer_score">6</field>
            </record>
            <record id="safety_question_improvement_q190_ans5" model="survey.question.answer">
                <field name="question_id" ref="safety_question_improvement_q190"/>
                <field name="sequence">5</field>
                <field name="value">The tenderer has comprehensively provided examples where a culture of continuous improvement has been active on projects were they are involved.</field>
                <field name="answer_score">10</field>
            </record>

    </data>
</odoo>