<?xml version="1.0" encoding="UTF-8"?>
<odoo>
    <data noupdate="1">
        <!-- PERFORMANCE 9 -->
        <record id="safety_question_performance_category" model="survey.question">
            <field name="title">9. Performance evaluation</field>
            <field name="survey_id" ref="safety_questionnaire_form"/>
            <field name="sequence">197</field>
            <field name="question_type" eval="False"/>
            <field name="is_page" eval="True"/>
            <field name="description" type="html">
                <p>Performance of the Tenderer</p>
            </field>
        </record>
        <!-- PERFORMANCE 9.1 -->
        <record id="safety_question_performance_category_1" model="survey.question">
            <field name="title">9.1 Monitoring, measurement, analysis and performance evaluation</field>
            <field name="survey_id" ref="safety_questionnaire_form"/>
            <field name="sequence">198</field>
            <field name="question_type" eval="False"/>
            <field name="is_page" eval="True"/>
            <field name="description" type="html">
                <p>Performance of the Tenderer</p>
            </field>
        </record>
        <!-- PERFORMANCE 9.1.1 -->
        <record id="safety_question_performance_category_1_1" model="survey.question">
            <field name="title">9.1.1 General</field>
            <field name="survey_id" ref="safety_questionnaire_form"/>
            <field name="sequence">199</field>
            <field name="question_type" eval="False"/>
            <field name="is_page" eval="True"/>
            <field name="description" type="html">
                <p>Performance of the Tenderer</p>
            </field>
        </record>

        <!-- Question No. 157 -->
        <record id="safety_question_performance_q157" model="survey.question">
            <field name="survey_id" ref="safety_questionnaire_form"/>
            <field name="sequence">200</field>
            <field name="title">
                The Tenderer has determined what needs to be monitored and measured, including, the extent to which legal requirements and other requirements are fulfilled.</field>
            <field name="question_type">simple_choice</field>
            <field name="comments_allowed" eval="True"/>
            <field name="comments_message">Findings / Evidences</field>
            <field name="constr_mandatory" eval="False"/>
        </record>

        <!-- Question No. 157 (CHOICES) -->
            <record id="safety_question_performance_q157_ans1" model="survey.question.answer">
                <field name="question_id" ref="safety_question_performance_q157"/>
                <field name="sequence">1</field>
                <field name="value">Not Applicable</field>
                <field name="answer_score">0</field>
            </record>
            <record id="safety_question_performance_q157_ans2" model="survey.question.answer">
                <field name="question_id" ref="safety_question_performance_q157"/>
                <field name="sequence">2</field>
                <field name="value">No relevant document submitted. Or the submitted document cannot be evaluated.</field>
                <field name="answer_score">1</field>
            </record>
            <record id="safety_question_performance_q157_ans3" model="survey.question.answer">
                <field name="question_id" ref="safety_question_performance_q157"/>
                <field name="sequence">3</field>
                <field name="value">The Tenderer has not determined what needs to be monitored and measured, including, the extent to which legal requirements and other requirements are fulfilled.</field>
                <field name="answer_score">3</field>
            </record>
            <record id="safety_question_performance_q157_ans4" model="survey.question.answer">
                <field name="question_id" ref="safety_question_performance_q157"/>
                <field name="sequence">4</field>
                <field name="value">The Tenderer has partially determined what needs to be monitored and measured, including, the extent to which legal requirements and other requirements are fulfilled.</field>
                <field name="answer_score">6</field>
            </record>
            <record id="safety_question_performance_q157_ans5" model="survey.question.answer">
                <field name="question_id" ref="safety_question_performance_q157"/>
                <field name="sequence">5</field>
                <field name="value">The Tenderer has comprehensively determined what needs to be monitored and measured, including, the extent to which legal requirements and other requirements are fulfilled.</field>
                <field name="answer_score">10</field>
            </record>

        <!-- Question No. 158 -->
        <record id="safety_question_performance_q158" model="survey.question">
            <field name="survey_id" ref="safety_questionnaire_form"/>
            <field name="sequence">201</field>
            <field name="title">
                The Tenderer has determined what needs to be monitored and measured, including, its activities and operations related to identified hazards, risks and opportunities.</field>
            <field name="question_type">simple_choice</field>
            <field name="comments_allowed" eval="True"/>
            <field name="comments_message">Findings / Evidences</field>
            <field name="constr_mandatory" eval="False"/>
        </record>
        <!-- Question No. 158 (CHOICES) -->
            <record id="safety_question_performance_q158_ans1" model="survey.question.answer">
                <field name="question_id" ref="safety_question_performance_q158"/>
                <field name="sequence">1</field>
                <field name="value">Not Applicable</field>
                <field name="answer_score">0</field>
            </record>
            <record id="safety_question_performance_q158_ans2" model="survey.question.answer">
                <field name="question_id" ref="safety_question_performance_q158"/>
                <field name="sequence">2</field>
                <field name="value">No relevant document submitted. Or the submitted document cannot be evaluated.</field>
                <field name="answer_score">1</field>
            </record>
            <record id="safety_question_performance_q158_ans3" model="survey.question.answer">
                <field name="question_id" ref="safety_question_performance_q158"/>
                <field name="sequence">3</field>
                <field name="value">The Tenderer has not determined what needs to be monitored and measured, including, its activities and operations related to identified hazards, risks and opportunities.</field>
                <field name="answer_score">3</field>
            </record>
            <record id="safety_question_performance_q158_ans4" model="survey.question.answer">
                <field name="question_id" ref="safety_question_performance_q158"/>
                <field name="sequence">4</field>
                <field name="value">The Tenderer has partially determined what needs to be monitored and measured, including, its activities and operations related to identified hazards, risks and opportunities.</field>
                <field name="answer_score">6</field>
            </record>
            <record id="safety_question_performance_q158_ans5" model="survey.question.answer">
                <field name="question_id" ref="safety_question_performance_q158"/>
                <field name="sequence">5</field>
                <field name="value">The Tenderer has comprehensively determined what needs to be monitored and measured, including, its activities and operations related to identified hazards, risks and opportunities.</field>
                <field name="answer_score">10</field>
            </record>

        <!-- Question No. 159 -->
        <record id="safety_question_performance_q159" model="survey.question">
            <field name="survey_id" ref="safety_questionnaire_form"/>
            <field name="sequence">202</field>
            <field name="title">
                The Tenderer has determined what needs to be monitored and measured, including the progress, towards achievement of the Tenderer’s OH&amp;S objectives.</field>
            <field name="question_type">simple_choice</field>
            <field name="comments_allowed" eval="True"/>
            <field name="comments_message">Findings / Evidences</field>
            <field name="constr_mandatory" eval="False"/>
        </record>
        <!-- Question No. 159 (CHOICES) -->
            <record id="safety_question_performance_q159_ans1" model="survey.question.answer">
                <field name="question_id" ref="safety_question_performance_q159"/>
                <field name="sequence">1</field>
                <field name="value">Not Applicable</field>
                <field name="answer_score">0</field>
            </record>
            <record id="safety_question_performance_q159_ans2" model="survey.question.answer">
                <field name="question_id" ref="safety_question_performance_q159"/>
                <field name="sequence">2</field>
                <field name="value">No relevant document submitted. Or the submitted document cannot be evaluated.</field>
                <field name="answer_score">1</field>
            </record>
            <record id="safety_question_performance_q159_ans3" model="survey.question.answer">
                <field name="question_id" ref="safety_question_performance_q159"/>
                <field name="sequence">3</field>
                <field name="value">The Tenderer has not determined what needs to be monitored and measured, including the progress, towards achievement of the Tenderer’s OH&amp;S objectives.</field>
                <field name="answer_score">3</field>
            </record>
            <record id="safety_question_performance_q159_ans4" model="survey.question.answer">
                <field name="question_id" ref="safety_question_performance_q159"/>
                <field name="sequence">4</field>
                <field name="value">The Tenderer has partially determined what needs to be monitored and measured, including the progress, towards achievement of the Tenderer’s OH&amp;S objectives.</field>
                <field name="answer_score">6</field>
            </record>
            <record id="safety_question_performance_q159_ans5" model="survey.question.answer">
                <field name="question_id" ref="safety_question_performance_q159"/>
                <field name="sequence">5</field>
                <field name="value">The Tenderer has comprehensively determined what needs to be monitored and measured, including the progress, towards achievement of the Tenderer’s OH&amp;S objectives.</field>
                <field name="answer_score">10</field>
            </record>

        <!-- Question No. 160 -->
        <record id="safety_question_performance_q160" model="survey.question">
            <field name="survey_id" ref="safety_questionnaire_form"/>
            <field name="sequence">203</field>
            <field name="title">
                The Tenderer has determined what needs to be monitored and measured, incorporating the effectiveness of operational and other controls including, the methods for monitoring, measurement, analysis and performance evaluation, as applicable, to ensured valid results.</field>
            <field name="question_type">simple_choice</field>
            <field name="comments_allowed" eval="True"/>
            <field name="comments_message">Findings / Evidences</field>
            <field name="constr_mandatory" eval="False"/>
        </record>
        <!-- Question No. 160 (CHOICES) -->
            <record id="safety_question_performance_q160_ans1" model="survey.question.answer">
                <field name="question_id" ref="safety_question_performance_q160"/>
                <field name="sequence">1</field>
                <field name="value">Not Applicable</field>
                <field name="answer_score">0</field>
            </record>
            <record id="safety_question_performance_q160_ans2" model="survey.question.answer">
                <field name="question_id" ref="safety_question_performance_q160"/>
                <field name="sequence">2</field>
                <field name="value">No relevant document submitted. Or the submitted document cannot be evaluated.</field>
                <field name="answer_score">1</field>
            </record>
            <record id="safety_question_performance_q160_ans3" model="survey.question.answer">
                <field name="question_id" ref="safety_question_performance_q160"/>
                <field name="sequence">3</field>
                <field name="value">The Tenderer has not determined what needs to be monitored and measured, incorporating the effectiveness of operational and other controls including, the methods for monitoring, measurement, analysis and performance evaluation, as applicable, to ensured valid results.</field>
                <field name="answer_score">3</field>
            </record>
            <record id="safety_question_performance_q160_ans4" model="survey.question.answer">
                <field name="question_id" ref="safety_question_performance_q160"/>
                <field name="sequence">4</field>
                <field name="value">The Tenderer has partially determined what needs to be monitored and measured, incorporating the effectiveness of operational and other controls including, the methods for monitoring, measurement, analysis and performance evaluation, as applicable, to ensured valid results.</field>
                <field name="answer_score">6</field>
            </record>
            <record id="safety_question_performance_q160_ans5" model="survey.question.answer">
                <field name="question_id" ref="safety_question_performance_q160"/>
                <field name="sequence">5</field>
                <field name="value">The Tenderer has comprehensively determined what needs to be monitored and measured, incorporating the effectiveness of operational and other controls including, the methods for monitoring, measurement, analysis and performance evaluation, as applicable, to ensured valid results.</field>
                <field name="answer_score">10</field>
            </record>

        <!-- Question No. 161 -->
        <record id="safety_question_performance_q161" model="survey.question">
            <field name="survey_id" ref="safety_questionnaire_form"/>
            <field name="sequence">204</field>
            <field name="title">
                The Tenderer has determined what needs to be monitored and measured, incorporating the effectiveness of operational and other controls including, the criteria against which the Tenderer will evaluate its OH&amp;S performance.</field>
            <field name="question_type">simple_choice</field>
            <field name="comments_allowed" eval="True"/>
            <field name="comments_message">Findings / Evidences</field>
            <field name="constr_mandatory" eval="False"/>
        </record>
        <!-- Question No. 161 (CHOICES) -->
            <record id="safety_question_performance_q161_ans1" model="survey.question.answer">
                <field name="question_id" ref="safety_question_performance_q161"/>
                <field name="sequence">1</field>
                <field name="value">Not Applicable</field>
                <field name="answer_score">0</field>
            </record>
            <record id="safety_question_performance_q161_ans2" model="survey.question.answer">
                <field name="question_id" ref="safety_question_performance_q161"/>
                <field name="sequence">2</field>
                <field name="value">No relevant document submitted. Or the submitted document cannot be evaluated.</field>
                <field name="answer_score">1</field>
            </record>
            <record id="safety_question_performance_q161_ans3" model="survey.question.answer">
                <field name="question_id" ref="safety_question_performance_q161"/>
                <field name="sequence">3</field>
                <field name="value">The Tenderer has not determined what needs to be monitored and measured, incorporating the effectiveness of operational and other controls including, the criteria against which the Tenderer will evaluate its OH&amp;S performance.</field>
                <field name="answer_score">3</field>
            </record>
            <record id="safety_question_performance_q161_ans4" model="survey.question.answer">
                <field name="question_id" ref="safety_question_performance_q161"/>
                <field name="sequence">4</field>
                <field name="value">The Tenderer has partially determined what needs to be monitored and measured, incorporating the effectiveness of operational and other controls including, the criteria against which the Tenderer will evaluate its OH&amp;S performance.</field>
                <field name="answer_score">6</field>
            </record>
            <record id="safety_question_performance_q161_ans5" model="survey.question.answer">
                <field name="question_id" ref="safety_question_performance_q161"/>
                <field name="sequence">5</field>
                <field name="value">The Tenderer has comprehensively determined what needs to be monitored and measured, incorporating the effectiveness of operational and other controls including, the criteria against which the Tenderer will evaluate its OH&amp;S performance.</field>
                <field name="answer_score">10</field>
            </record>

        <!-- Question No. 162 -->
        <record id="safety_question_performance_q162" model="survey.question">
            <field name="survey_id" ref="safety_questionnaire_form"/>
            <field name="sequence">205</field>
            <field name="title">
                The Tenderer has determined what needs to be monitored and measured, incorporating the effectiveness of operational and other controls including, when the monitoring and measuring has to be performed.</field>
            <field name="question_type">simple_choice</field>
            <field name="comments_allowed" eval="True"/>
            <field name="comments_message">Findings / Evidences</field>
            <field name="constr_mandatory" eval="False"/>
        </record>
        <!-- Question No. 162 (CHOICES) -->
            <record id="safety_question_performance_q162_ans1" model="survey.question.answer">
                <field name="question_id" ref="safety_question_performance_q162"/>
                <field name="sequence">1</field>
                <field name="value">Not Applicable</field>
                <field name="answer_score">0</field>
            </record>
            <record id="safety_question_performance_q162_ans2" model="survey.question.answer">
                <field name="question_id" ref="safety_question_performance_q162"/>
                <field name="sequence">2</field>
                <field name="value">No relevant document submitted. Or the submitted document cannot be evaluated.</field>
                <field name="answer_score">1</field>
            </record>
            <record id="safety_question_performance_q162_ans3" model="survey.question.answer">
                <field name="question_id" ref="safety_question_performance_q162"/>
                <field name="sequence">3</field>
                <field name="value">The Tenderer has not determined what needs to be monitored and measured, incorporating the effectiveness of operational and other controls including, when the monitoring and measuring has not to be performed.</field>
                <field name="answer_score">3</field>
            </record>
            <record id="safety_question_performance_q162_ans4" model="survey.question.answer">
                <field name="question_id" ref="safety_question_performance_q162"/>
                <field name="sequence">4</field>
                <field name="value">The Tenderer has partially determined what needs to be monitored and measured, incorporating the effectiveness of operational and other controls including, when the monitoring and measuring has partially to be performed.</field>
                <field name="answer_score">6</field>
            </record>
            <record id="safety_question_performance_q162_ans5" model="survey.question.answer">
                <field name="question_id" ref="safety_question_performance_q162"/>
                <field name="sequence">5</field>
                <field name="value">The Tenderer has comprehensively determined what needs to be monitored and measured, incorporating the effectiveness of operational and other controls including, when the monitoring and measuring has comprehensively to be performed.</field>
                <field name="answer_score">10</field>
            </record>

        <!-- Question No. 163 -->
        <record id="safety_question_performance_q163" model="survey.question">
            <field name="survey_id" ref="safety_questionnaire_form"/>
            <field name="sequence">206</field>
            <field name="title">
                The Tenderer has determined what needs to be monitored and measured, incorporating the effectiveness of operational and other controls including, when the results from monitoring and measurement is to be analysed, evaluated and communicated.</field>
            <field name="question_type">simple_choice</field>
            <field name="comments_allowed" eval="True"/>
            <field name="comments_message">Findings / Evidences</field>
            <field name="constr_mandatory" eval="False"/>
        </record>
        <!-- Question No. 163 (CHOICES) -->
            <record id="safety_question_performance_q163_ans1" model="survey.question.answer">
                <field name="question_id" ref="safety_question_performance_q163"/>
                <field name="sequence">1</field>
                <field name="value">Not Applicable</field>
                <field name="answer_score">0</field>
            </record>
            <record id="safety_question_performance_q163_ans2" model="survey.question.answer">
                <field name="question_id" ref="safety_question_performance_q163"/>
                <field name="sequence">2</field>
                <field name="value">No relevant document submitted. Or the submitted document cannot be evaluated.</field>
                <field name="answer_score">1</field>
            </record>
            <record id="safety_question_performance_q163_ans3" model="survey.question.answer">
                <field name="question_id" ref="safety_question_performance_q163"/>
                <field name="sequence">3</field>
                <field name="value">The Tenderer has not determined what needs to be monitored and measured, incorporating the effectiveness of operational and other controls including, when the results from monitoring and measurement is to be analysed, evaluated and communicated.</field>
                <field name="answer_score">3</field>
            </record>
            <record id="safety_question_performance_q163_ans4" model="survey.question.answer">
                <field name="question_id" ref="safety_question_performance_q163"/>
                <field name="sequence">4</field>
                <field name="value">The Tenderer has partially determined what needs to be monitored and measured, incorporating the effectiveness of operational and other controls including, when the results from monitoring and measurement is to be analysed, evaluated and communicated.</field>
                <field name="answer_score">6</field>
            </record>
            <record id="safety_question_performance_q163_ans5" model="survey.question.answer">
                <field name="question_id" ref="safety_question_performance_q163"/>
                <field name="sequence">5</field>
                <field name="value">The Tenderer has comprehensively determined what needs to be monitored and measured, incorporating the effectiveness of operational and other controls including, when the results from monitoring and measurement is to be analysed, evaluated and communicated.</field>
                <field name="answer_score">10</field>
            </record>

        <!-- Question No. 164 -->
        <record id="safety_question_performance_q164" model="survey.question">
            <field name="survey_id" ref="safety_questionnaire_form"/>
            <field name="sequence">207</field>
            <field name="title">
                The Tenderer has evaluated their OH&amp;S performance and determined the effectiveness of the OH&amp;S management system.</field>
            <field name="question_type">simple_choice</field>
            <field name="comments_allowed" eval="True"/>
            <field name="comments_message">Findings / Evidences</field>
            <field name="constr_mandatory" eval="False"/>
        </record>
        <!-- Question No. 164 (CHOICES) -->
            <record id="safety_question_performance_q164_ans1" model="survey.question.answer">
                <field name="question_id" ref="safety_question_performance_q164"/>
                <field name="sequence">1</field>
                <field name="value">Not Applicable</field>
                <field name="answer_score">0</field>
            </record>
            <record id="safety_question_performance_q164_ans2" model="survey.question.answer">
                <field name="question_id" ref="safety_question_performance_q164"/>
                <field name="sequence">2</field>
                <field name="value">No relevant document submitted. Or the submitted document cannot be evaluated.</field>
                <field name="answer_score">1</field>
            </record>
            <record id="safety_question_performance_q164_ans3" model="survey.question.answer">
                <field name="question_id" ref="safety_question_performance_q164"/>
                <field name="sequence">3</field>
                <field name="value">The Tenderer has not evaluated their OH&amp;S performance and determined the effectiveness or otherwise, of the OH&amp;S management system.</field>
                <field name="answer_score">3</field>
            </record>
            <record id="safety_question_performance_q164_ans4" model="survey.question.answer">
                <field name="question_id" ref="safety_question_performance_q164"/>
                <field name="sequence">4</field>
                <field name="value">The Tenderer has consistently evaluated their OH&amp;S performance and determined the effectiveness of the OH&amp;S management system.</field>
                <field name="answer_score">6</field>
            </record>
            <record id="safety_question_performance_q164_ans5" model="survey.question.answer">
                <field name="question_id" ref="safety_question_performance_q164"/>
                <field name="sequence">5</field>
                <field name="value">The Tenderer has consistently internally communicated information relevant to the OH&amp;S management system among the various levels and functions of the Tenderer, including changes to the OH&amp;S management system, as appropriate.</field>
                <field name="answer_score">10</field>
            </record>

        <!-- Question No. 165 -->
        <record id="safety_question_performance_q165" model="survey.question">
            <field name="survey_id" ref="safety_questionnaire_form"/>
            <field name="sequence">208</field>
            <field name="title">
                The Tenderer has ensured that monitoring and measuring equipment is calibrated or verified as applicable, and is used and maintained appropriately.</field>
            <field name="question_type">simple_choice</field>
            <field name="comments_allowed" eval="True"/>
            <field name="comments_message">Findings / Evidences</field>
            <field name="constr_mandatory" eval="False"/>
        </record>
        <!-- Question No. 165 (CHOICES) -->
            <record id="safety_question_performance_q165_ans1" model="survey.question.answer">
                <field name="question_id" ref="safety_question_performance_q165"/>
                <field name="sequence">1</field>
                <field name="value">Not Applicable</field>
                <field name="answer_score">0</field>
            </record>
            <record id="safety_question_performance_q165_ans2" model="survey.question.answer">
                <field name="question_id" ref="safety_question_performance_q165"/>
                <field name="sequence">2</field>
                <field name="value">No relevant document submitted. Or the submitted document cannot be evaluated.</field>
                <field name="answer_score">1</field>
            </record>
            <record id="safety_question_performance_q165_ans3" model="survey.question.answer">
                <field name="question_id" ref="safety_question_performance_q165"/>
                <field name="sequence">3</field>
                <field name="value">The Tenderer has not ensured that monitoring and measuring equipment is calibrated or verified as applicable, and is used and maintained appropriately.</field>
                <field name="answer_score">3</field>
            </record>
            <record id="safety_question_performance_q165_ans4" model="survey.question.answer">
                <field name="question_id" ref="safety_question_performance_q165"/>
                <field name="sequence">4</field>
                <field name="value">The Tenderer has partially ensured that monitoring and measuring equipment is calibrated or verified as applicable, and is used and maintained appropriately.</field>
                <field name="answer_score">6</field>
            </record>
            <record id="safety_question_performance_q165_ans5" model="survey.question.answer">
                <field name="question_id" ref="safety_question_performance_q165"/>
                <field name="sequence">5</field>
                <field name="value">The Tenderer has comprehensively ensured that monitoring and measuring equipment is calibrated or verified as applicable, and is used and maintained appropriately.</field>
                <field name="answer_score">10</field>
            </record>

        <!-- PERFORMANCE 9.1.2 -->
        <record id="safety_question_performance_category_1_2" model="survey.question">
            <field name="title">9.1.2 Evaluation of compliance</field>
            <field name="survey_id" ref="safety_questionnaire_form"/>
            <field name="sequence">209</field>
            <field name="question_type" eval="False"/>
            <field name="is_page" eval="True"/>
            <field name="description" type="html">
                <p>Performance of the Tenderer</p>
            </field>
        </record>

        <!-- Question No. 166 -->
        <record id="safety_question_performance_q166" model="survey.question">
            <field name="survey_id" ref="safety_questionnaire_form"/>
            <field name="sequence">210</field>
            <field name="title">
                The Tenderer has determined the frequency and method(s) for the evaluation of compliance.</field>
            <field name="question_type">simple_choice</field>
            <field name="comments_allowed" eval="True"/>
            <field name="comments_message">Findings / Evidences</field>
            <field name="constr_mandatory" eval="False"/>
        </record>
        <!-- Question No. 166 (CHOICES) -->
            <record id="safety_question_performance_q166_ans1" model="survey.question.answer">
                <field name="question_id" ref="safety_question_performance_q166"/>
                <field name="sequence">1</field>
                <field name="value">Not Applicable</field>
                <field name="answer_score">0</field>
            </record>
            <record id="safety_question_performance_q166_ans2" model="survey.question.answer">
                <field name="question_id" ref="safety_question_performance_q166"/>
                <field name="sequence">2</field>
                <field name="value">No relevant document submitted. Or the submitted document cannot be evaluated.</field>
                <field name="answer_score">1</field>
            </record>
            <record id="safety_question_performance_q166_ans3" model="survey.question.answer">
                <field name="question_id" ref="safety_question_performance_q166"/>
                <field name="sequence">3</field>
                <field name="value">The Tenderer has not determined the frequency and method(s) for the evaluation of compliance.</field>
                <field name="answer_score">3</field>
            </record>
            <record id="safety_question_performance_q166_ans4" model="survey.question.answer">
                <field name="question_id" ref="safety_question_performance_q166"/>
                <field name="sequence">4</field>
                <field name="value">The Tenderer has partially determined the frequency and method(s) for the evaluation of compliance.</field>
                <field name="answer_score">6</field>
            </record>
            <record id="safety_question_performance_q166_ans5" model="survey.question.answer">
                <field name="question_id" ref="safety_question_performance_q166"/>
                <field name="sequence">5</field>
                <field name="value">The Tenderer has consistently determined the frequency and method(s) for the evaluation of compliance.</field>
                <field name="answer_score">10</field>
            </record>

        <!-- Question No. 167 -->
        <record id="safety_question_performance_q167" model="survey.question">
            <field name="survey_id" ref="safety_questionnaire_form"/>
            <field name="sequence">211</field>
            <field name="title">
                The Tenderer has evaluated compliance levels, and taken action if needed.</field>
            <field name="question_type">simple_choice</field>
            <field name="comments_allowed" eval="True"/>
            <field name="comments_message">Findings / Evidences</field>
            <field name="constr_mandatory" eval="False"/>
        </record>
        <!-- Question No. 167 (CHOICES) -->
            <record id="safety_question_performance_q167_ans1" model="survey.question.answer">
                <field name="question_id" ref="safety_question_performance_q167"/>
                <field name="sequence">1</field>
                <field name="value">Not Applicable</field>
                <field name="answer_score">0</field>
            </record>
            <record id="safety_question_performance_q167_ans2" model="survey.question.answer">
                <field name="question_id" ref="safety_question_performance_q167"/>
                <field name="sequence">2</field>
                <field name="value">No relevant document submitted. Or the submitted document cannot be evaluated.</field>
                <field name="answer_score">1</field>
            </record>
            <record id="safety_question_performance_q167_ans3" model="survey.question.answer">
                <field name="question_id" ref="safety_question_performance_q167"/>
                <field name="sequence">3</field>
                <field name="value">The Tenderer has not evaluated compliance levels, and taken action if needed.</field>
                <field name="answer_score">3</field>
            </record>
            <record id="safety_question_performance_q167_ans4" model="survey.question.answer">
                <field name="question_id" ref="safety_question_performance_q167"/>
                <field name="sequence">4</field>
                <field name="value">The Tenderer has partially evaluated compliance levels, and taken action if needed.</field>
                <field name="answer_score">6</field>
            </record>
            <record id="safety_question_performance_q167_ans5" model="survey.question.answer">
                <field name="question_id" ref="safety_question_performance_q167"/>
                <field name="sequence">5</field>
                <field name="value">The Tenderer has comprehensively evaluated compliance levels, and taken action if needed.</field>
                <field name="answer_score">10</field>
            </record>

        <!-- Question No. 168 -->
        <record id="safety_question_performance_q168" model="survey.question">
            <field name="survey_id" ref="safety_questionnaire_form"/>
            <field name="sequence">212</field>
            <field name="title">
                The Tenderer has maintained knowledge and understanding of its compliance status with legal requirements and other requirements.</field>
            <field name="question_type">simple_choice</field>
            <field name="comments_allowed" eval="True"/>
            <field name="comments_message">Findings / Evidences</field>
            <field name="constr_mandatory" eval="False"/>
        </record>
        <!-- Question No. 168 (CHOICES) -->
            <record id="safety_question_performance_q168_ans1" model="survey.question.answer">
                <field name="question_id" ref="safety_question_performance_q168"/>
                <field name="sequence">1</field>
                <field name="value">Not Applicable</field>
                <field name="answer_score">0</field>
            </record>
            <record id="safety_question_performance_q168_ans2" model="survey.question.answer">
                <field name="question_id" ref="safety_question_performance_q168"/>
                <field name="sequence">2</field>
                <field name="value">No relevant document submitted. Or the submitted document cannot be evaluated.</field>
                <field name="answer_score">1</field>
            </record>
            <record id="safety_question_performance_q168_ans3" model="survey.question.answer">
                <field name="question_id" ref="safety_question_performance_q168"/>
                <field name="sequence">3</field>
                <field name="value">The Tenderer has not maintained knowledge and understanding of its compliance status with legal requirements and other requirements.</field>
                <field name="answer_score">3</field>
            </record>
            <record id="safety_question_performance_q168_ans4" model="survey.question.answer">
                <field name="question_id" ref="safety_question_performance_q168"/>
                <field name="sequence">4</field>
                <field name="value">The Tenderer has partially maintained knowledge and understanding of its compliance status with legal requirements and other requirements.</field>
                <field name="answer_score">6</field>
            </record>
            <record id="safety_question_performance_q168_ans5" model="survey.question.answer">
                <field name="question_id" ref="safety_question_performance_q168"/>
                <field name="sequence">5</field>
                <field name="value">The Tenderer has consistently maintained knowledge and understanding of its compliance status with legal requirements and other requirements.</field>
                <field name="answer_score">10</field>
            </record>

        <!-- PERFORMANCE 9.2 -->
        <record id="safety_question_performance_category_2" model="survey.question">
            <field name="title">9.2 Internal audit</field>
            <field name="survey_id" ref="safety_questionnaire_form"/>
            <field name="sequence">213</field>
            <field name="question_type" eval="False"/>
            <field name="is_page" eval="True"/>
            <field name="description" type="html">
                <p>Performance of the Tenderer</p>
            </field>
        </record>
        <!-- PERFORMANCE 9.2.1 -->
        <record id="safety_question_performance_category_2_1" model="survey.question">
            <field name="title">9.2.1 General</field>
            <field name="survey_id" ref="safety_questionnaire_form"/>
            <field name="sequence">214</field>
            <field name="question_type" eval="False"/>
            <field name="is_page" eval="True"/>
            <field name="description" type="html">
                <p>Performance of the Tenderer</p>
            </field>
        </record>

        <!-- Question No. 169 -->
        <record id="safety_question_performance_q169" model="survey.question">
            <field name="survey_id" ref="safety_questionnaire_form"/>
            <field name="sequence">215</field>
            <field name="title">
                The Tenderer has conducted internal audits at planned intervals to provide information on whether the OH&amp;S management system conforms to their stated requirements, including the OH&amp;S policy and OH&amp;S objectives.</field>
            <field name="question_type">simple_choice</field>
            <field name="comments_allowed" eval="True"/>
            <field name="comments_message">Findings / Evidences</field>
            <field name="constr_mandatory" eval="False"/>
        </record>
        <!-- Question No. 169 (CHOICES) -->
            <record id="safety_question_performance_q169_ans1" model="survey.question.answer">
                <field name="question_id" ref="safety_question_performance_q169"/>
                <field name="sequence">1</field>
                <field name="value">Not Applicable</field>
                <field name="answer_score">0</field>
            </record>
            <record id="safety_question_performance_q169_ans2" model="survey.question.answer">
                <field name="question_id" ref="safety_question_performance_q169"/>
                <field name="sequence">2</field>
                <field name="value">No relevant document submitted. Or the submitted document cannot be evaluated.</field>
                <field name="answer_score">1</field>
            </record>
            <record id="safety_question_performance_q169_ans3" model="survey.question.answer">
                <field name="question_id" ref="safety_question_performance_q169"/>
                <field name="sequence">3</field>
                <field name="value">The Tenderer has not conducted internal audits at planned intervals to provide information on whether the OH&amp;S management system conforms to their stated requirements, including the OH&amp;S policy and OH&amp;S objectives.</field>
                <field name="answer_score">3</field>
            </record>
            <record id="safety_question_performance_q169_ans4" model="survey.question.answer">
                <field name="question_id" ref="safety_question_performance_q169"/>
                <field name="sequence">4</field>
                <field name="value">The Tenderer has partially conducted internal audits at planned intervals to provide information on whether the OH&amp;S management system conforms to their stated requirements, including the OH&amp;S policy and OH&amp;S objectives.</field>
                <field name="answer_score">6</field>
            </record>
            <record id="safety_question_performance_q169_ans5" model="survey.question.answer">
                <field name="question_id" ref="safety_question_performance_q169"/>
                <field name="sequence">5</field>
                <field name="value">The Tenderer has consistently conducted internal audits at planned intervals to provide information on whether the OH&amp;S management system conforms to their stated requirements, including the OH&amp;S policy and OH&amp;S objectives.</field>
                <field name="answer_score">10</field>
            </record>

        <!-- Question No. 170 -->
        <record id="safety_question_performance_q170" model="survey.question">
            <field name="survey_id" ref="safety_questionnaire_form"/>
            <field name="sequence">216</field>
            <field name="title">
                The Tenderer has conducted internal audits at planned intervals to provide information on whether the OH&amp;S management system supports the requirements of this type of Tender.</field>
            <field name="question_type">simple_choice</field>
            <field name="comments_allowed" eval="True"/>
            <field name="comments_message">Findings / Evidences</field>
            <field name="constr_mandatory" eval="False"/>
        </record>
        <!-- Question No. 170 (CHOICES) -->
            <record id="safety_question_performance_q170_ans1" model="survey.question.answer">
                <field name="question_id" ref="safety_question_performance_q170"/>
                <field name="sequence">1</field>
                <field name="value">Not Applicable</field>
                <field name="answer_score">0</field>
            </record>
            <record id="safety_question_performance_q170_ans2" model="survey.question.answer">
                <field name="question_id" ref="safety_question_performance_q170"/>
                <field name="sequence">2</field>
                <field name="value">No relevant document submitted. Or the submitted document cannot be evaluated.</field>
                <field name="answer_score">1</field>
            </record>
            <record id="safety_question_performance_q170_ans3" model="survey.question.answer">
                <field name="question_id" ref="safety_question_performance_q170"/>
                <field name="sequence">3</field>
                <field name="value">The Tenderer has not conducted internal audits at planned intervals to provide information on whether the OH&amp;S management system supports the requirements of this type of Tender.</field>
                <field name="answer_score">3</field>
            </record>
            <record id="safety_question_performance_q170_ans4" model="survey.question.answer">
                <field name="question_id" ref="safety_question_performance_q170"/>
                <field name="sequence">4</field>
                <field name="value">The Tenderer has partially conducted internal audits at planned intervals to provide information on whether the OH&amp;S management system supports the requirements of this type of Tender.</field>
                <field name="answer_score">6</field>
            </record>
            <record id="safety_question_performance_q170_ans5" model="survey.question.answer">
                <field name="question_id" ref="safety_question_performance_q170"/>
                <field name="sequence">5</field>
                <field name="value">The Tenderer has consistently conducted internal audits at planned intervals to provide information on whether the OH&amp;S management system supports the requirements of this type of Tender.</field>
                <field name="answer_score">10</field>
            </record>

        <!-- Question No. 171 -->
        <record id="safety_question_performance_q171" model="survey.question">
            <field name="survey_id" ref="safety_questionnaire_form"/>
            <field name="sequence">217</field>
            <field name="title">
                The Tenderer has conducted internal audits at planned intervals to provide information on whether the OH&amp;S management system is effectively implemented and maintained on their projects.</field>
            <field name="question_type">simple_choice</field>
            <field name="comments_allowed" eval="True"/>
            <field name="comments_message">Findings / Evidences</field>
            <field name="constr_mandatory" eval="False"/>
        </record>
        <!-- Question No. 171 (CHOICES) -->
            <record id="safety_question_performance_q171_ans1" model="survey.question.answer">
                <field name="question_id" ref="safety_question_performance_q171"/>
                <field name="sequence">1</field>
                <field name="value">Not Applicable</field>
                <field name="answer_score">0</field>
            </record>
            <record id="safety_question_performance_q171_ans2" model="survey.question.answer">
                <field name="question_id" ref="safety_question_performance_q171"/>
                <field name="sequence">2</field>
                <field name="value">No relevant document submitted. Or the submitted document cannot be evaluated.</field>
                <field name="answer_score">1</field>
            </record>
            <record id="safety_question_performance_q171_ans3" model="survey.question.answer">
                <field name="question_id" ref="safety_question_performance_q171"/>
                <field name="sequence">3</field>
                <field name="value">The Tenderer has not conducted internal audits at planned intervals to provide information on whether the OH&amp;S management system is effectively implemented and maintained on their projects.</field>
                <field name="answer_score">3</field>
            </record>
            <record id="safety_question_performance_q171_ans4" model="survey.question.answer">
                <field name="question_id" ref="safety_question_performance_q171"/>
                <field name="sequence">4</field>
                <field name="value">The Tenderer has partially conducted internal audits at planned intervals to provide information on whether the OH&amp;S management system is effectively implemented and maintained on their projects.</field>
                <field name="answer_score">6</field>
            </record>
            <record id="safety_question_performance_q171_ans5" model="survey.question.answer">
                <field name="question_id" ref="safety_question_performance_q171"/>
                <field name="sequence">5</field>
                <field name="value">The Tenderer has consistently conducted internal audits at planned intervals to provide information on whether the OH&amp;S management system is effectively implemented and maintained on their projects.</field>
                <field name="answer_score">10</field>
            </record>

        <!-- PERFORMANCE 9.2.2 -->
        <record id="safety_question_performance_category_2_2" model="survey.question">
            <field name="title">9.2.2 Internal audit programme</field>
            <field name="survey_id" ref="safety_questionnaire_form"/>
            <field name="sequence">218</field>
            <field name="question_type" eval="False"/>
            <field name="is_page" eval="True"/>
            <field name="description" type="html">
                <p>Performance of the Tenderer</p>
            </field>
        </record>

        <!-- Question No. 172 -->
        <record id="safety_question_performance_q172" model="survey.question">
            <field name="survey_id" ref="safety_questionnaire_form"/>
            <field name="sequence">219</field>
            <field name="title">
                The Tenderer has planned, established, implemented and maintained an audit programme(s) including the frequency, methods, responsibilities, consultation, planning requirements and reporting, which has taken into consideration the importance of the processes concerned and the results of previous audits.</field>
            <field name="question_type">simple_choice</field>
            <field name="comments_allowed" eval="True"/>
            <field name="comments_message">Findings / Evidences</field>
            <field name="constr_mandatory" eval="False"/>
        </record>
        <!-- Question No. 172 (CHOICES) -->
            <record id="safety_question_performance_q172_ans1" model="survey.question.answer">
                <field name="question_id" ref="safety_question_performance_q172"/>
                <field name="sequence">1</field>
                <field name="value">Not Applicable</field>
                <field name="answer_score">0</field>
            </record>
            <record id="safety_question_performance_q172_ans2" model="survey.question.answer">
                <field name="question_id" ref="safety_question_performance_q172"/>
                <field name="sequence">2</field>
                <field name="value">No relevant document submitted. Or the submitted document cannot be evaluated.</field>
                <field name="answer_score">1</field>
            </record>
            <record id="safety_question_performance_q172_ans3" model="survey.question.answer">
                <field name="question_id" ref="safety_question_performance_q172"/>
                <field name="sequence">3</field>
                <field name="value">The Tenderer has not planned, established, implemented and maintained an audit programme(s) including the frequency, methods, responsibilities, consultation, planning requirements and reporting, which therefore has not taken into consideration the importance of the processes concerned and the results of previous audits.</field>
                <field name="answer_score">3</field>
            </record>
            <record id="safety_question_performance_q172_ans4" model="survey.question.answer">
                <field name="question_id" ref="safety_question_performance_q172"/>
                <field name="sequence">4</field>
                <field name="value">The Tenderer has partially planned, established, implemented and maintained an audit programme(s) including the frequency, methods, responsibilities, consultation, planning requirements and reporting, which has partially taken into consideration the importance of the processes concerned and the results of previous audits.</field>
                <field name="answer_score">6</field>
            </record>
            <record id="safety_question_performance_q172_ans5" model="survey.question.answer">
                <field name="question_id" ref="safety_question_performance_q172"/>
                <field name="sequence">5</field>
                <field name="value">The Tenderer has comprehensively planned, established, implemented and maintained an audit programme(s) including the frequency, methods, responsibilities, consultation, planning requirements and reporting, which has taken into consideration the importance of the processes concerned and the results of previous audits.</field>
                <field name="answer_score">10</field>
            </record>

        <!-- Question No. 173 -->
        <record id="safety_question_performance_q173" model="survey.question">
            <field name="survey_id" ref="safety_questionnaire_form"/>
            <field name="sequence">220</field>
            <field name="title">
                The Tenderer has defined the audit criteria and scope for each audit.</field>
            <field name="question_type">simple_choice</field>
            <field name="comments_allowed" eval="True"/>
            <field name="comments_message">Findings / Evidences</field>
            <field name="constr_mandatory" eval="False"/>
        </record>
        <!-- Question No. 173 (CHOICES) -->
            <record id="safety_question_performance_q173_ans1" model="survey.question.answer">
                <field name="question_id" ref="safety_question_performance_q173"/>
                <field name="sequence">1</field>
                <field name="value">Not Applicable</field>
                <field name="answer_score">0</field>
            </record>
            <record id="safety_question_performance_q173_ans2" model="survey.question.answer">
                <field name="question_id" ref="safety_question_performance_q173"/>
                <field name="sequence">2</field>
                <field name="value">No relevant document submitted. Or the submitted document cannot be evaluated.</field>
                <field name="answer_score">1</field>
            </record>
            <record id="safety_question_performance_q173_ans3" model="survey.question.answer">
                <field name="question_id" ref="safety_question_performance_q173"/>
                <field name="sequence">3</field>
                <field name="value">The Tenderer has not defined the audit criteria and scope for each audit.</field>
                <field name="answer_score">3</field>
            </record>
            <record id="safety_question_performance_q173_ans4" model="survey.question.answer">
                <field name="question_id" ref="safety_question_performance_q173"/>
                <field name="sequence">4</field>
                <field name="value">The Tenderer has partially defined the audit criteria and scope for each audit.</field>
                <field name="answer_score">6</field>
            </record>
            <record id="safety_question_performance_q173_ans5" model="survey.question.answer">
                <field name="question_id" ref="safety_question_performance_q173"/>
                <field name="sequence">5</field>
                <field name="value">The Tenderer has comprehensively defined the audit criteria and scope for each audit.</field>
                <field name="answer_score">10</field>
            </record>

        <!-- Question No. 174 -->
        <record id="safety_question_performance_q174" model="survey.question">
            <field name="survey_id" ref="safety_questionnaire_form"/>
            <field name="sequence">221</field>
            <field name="title">
                The Tenderer selects auditors and conducts audits to ensure objectivity and the impartiality of the audit process.</field>
            <field name="question_type">simple_choice</field>
            <field name="comments_allowed" eval="True"/>
            <field name="comments_message">Findings / Evidences</field>
            <field name="constr_mandatory" eval="False"/>
        </record>
        <!-- Question No. 174 (CHOICES) -->
            <record id="safety_question_performance_q174_ans1" model="survey.question.answer">
                <field name="question_id" ref="safety_question_performance_q174"/>
                <field name="sequence">1</field>
                <field name="value">Not Applicable</field>
                <field name="answer_score">0</field>
            </record>
            <record id="safety_question_performance_q174_ans2" model="survey.question.answer">
                <field name="question_id" ref="safety_question_performance_q174"/>
                <field name="sequence">2</field>
                <field name="value">No relevant document submitted. Or the submitted document cannot be evaluated.</field>
                <field name="answer_score">1</field>
            </record>
            <record id="safety_question_performance_q174_ans3" model="survey.question.answer">
                <field name="question_id" ref="safety_question_performance_q174"/>
                <field name="sequence">3</field>
                <field name="value">The Tenderer has not selected auditors and conducted audits to ensure objectivity and the impartiality of the audit process.</field>
                <field name="answer_score">3</field>
            </record>
            <record id="safety_question_performance_q174_ans4" model="survey.question.answer">
                <field name="question_id" ref="safety_question_performance_q174"/>
                <field name="sequence">4</field>
                <field name="value">The Tenderer has sometimes selected auditors and partially conducted audits to ensure objectivity and the impartiality of the audit process.</field>
                <field name="answer_score">6</field>
            </record>
            <record id="safety_question_performance_q174_ans5" model="survey.question.answer">
                <field name="question_id" ref="safety_question_performance_q174"/>
                <field name="sequence">5</field>
                <field name="value">The Tenderer has consistently selected auditors and conducted audits to ensure objectivity and the impartiality of the audit process.</field>
                <field name="answer_score">10</field>
            </record>

        <!-- Question No. 175 -->
        <record id="safety_question_performance_q175" model="survey.question">
            <field name="survey_id" ref="safety_questionnaire_form"/>
            <field name="sequence">222</field>
            <field name="title">
                The Tenderer has ensured that the results of the audits are reported to relevant managers; ensured that relevant audit results are also reported to workers, workers’ representatives, and other relevant interested parties.</field>
            <field name="question_type">simple_choice</field>
            <field name="comments_allowed" eval="True"/>
            <field name="comments_message">Findings / Evidences</field>
            <field name="constr_mandatory" eval="False"/>
        </record>
        <!-- Question No. 175 (CHOICES) -->
            <record id="safety_question_performance_q175_ans1" model="survey.question.answer">
                <field name="question_id" ref="safety_question_performance_q175"/>
                <field name="sequence">1</field>
                <field name="value">Not Applicable</field>
                <field name="answer_score">0</field>
            </record>
            <record id="safety_question_performance_q175_ans2" model="survey.question.answer">
                <field name="question_id" ref="safety_question_performance_q175"/>
                <field name="sequence">2</field>
                <field name="value">No relevant document submitted. Or the submitted document cannot be evaluated.</field>
                <field name="answer_score">1</field>
            </record>
            <record id="safety_question_performance_q175_ans3" model="survey.question.answer">
                <field name="question_id" ref="safety_question_performance_q175"/>
                <field name="sequence">3</field>
                <field name="value">The Tenderer has not ensured that the results of the audits are reported to relevant managers; not ensured that relevant audit results are also reported to workers, workers’ representatives, and other relevant interested parties.</field>
                <field name="answer_score">3</field>
            </record>
            <record id="safety_question_performance_q175_ans4" model="survey.question.answer">
                <field name="question_id" ref="safety_question_performance_q175"/>
                <field name="sequence">4</field>
                <field name="value">The Tenderer has partially ensured that the results of the audits are reported to relevant managers; partially ensured that relevant audit results are also reported to workers, workers’ representatives, and other relevant interested parties.</field>
                <field name="answer_score">6</field>
            </record>
            <record id="safety_question_performance_q175_ans5" model="survey.question.answer">
                <field name="question_id" ref="safety_question_performance_q175"/>
                <field name="sequence">5</field>
                <field name="value">The Tenderer has consistently ensured that the results of the audits are reported to relevant managers; ensured that relevant audit results are also reported to workers, workers’ representatives, and other relevant interested parties.</field>
                <field name="answer_score">10</field>
            </record>

        <!-- Question No. 176 -->
        <record id="safety_question_performance_q176" model="survey.question">
            <field name="survey_id" ref="safety_questionnaire_form"/>
            <field name="sequence">223</field>
            <field name="title">
                The Tenderer has taken action to address nonconformities and continually improved its OH&amp;S performance.</field>
            <field name="question_type">simple_choice</field>
            <field name="comments_allowed" eval="True"/>
            <field name="comments_message">Findings / Evidences</field>
            <field name="constr_mandatory" eval="False"/>
        </record>
        <!-- Question No. 176 (CHOICES) -->
            <record id="safety_question_performance_q176_ans1" model="survey.question.answer">
                <field name="question_id" ref="safety_question_performance_q176"/>
                <field name="sequence">1</field>
                <field name="value">Not Applicable</field>
                <field name="answer_score">0</field>
            </record>
            <record id="safety_question_performance_q176_ans2" model="survey.question.answer">
                <field name="question_id" ref="safety_question_performance_q176"/>
                <field name="sequence">2</field>
                <field name="value">No relevant document submitted. Or the submitted document cannot be evaluated.</field>
                <field name="answer_score">1</field>
            </record>
            <record id="safety_question_performance_q176_ans3" model="survey.question.answer">
                <field name="question_id" ref="safety_question_performance_q176"/>
                <field name="sequence">3</field>
                <field name="value">The Tenderer has not taken action to address nonconformities and continually improved its OH&amp;S performance.</field>
                <field name="answer_score">3</field>
            </record>
            <record id="safety_question_performance_q176_ans4" model="survey.question.answer">
                <field name="question_id" ref="safety_question_performance_q176"/>
                <field name="sequence">4</field>
                <field name="value">The Tenderer has partially taken action to address nonconformities and continually improved its OH&amp;S performance.</field>
                <field name="answer_score">6</field>
            </record>
            <record id="safety_question_performance_q176_ans5" model="survey.question.answer">
                <field name="question_id" ref="safety_question_performance_q176"/>
                <field name="sequence">5</field>
                <field name="value">The Tenderer has consistently taken action to address nonconformities and continually improved its OH&amp;S performance.</field>
                <field name="answer_score">10</field>
            </record>

        <!-- PERFORMANCE 9.3 -->
        <record id="safety_question_performance_category_3" model="survey.question">
            <field name="title">9.3 Management review</field>
            <field name="survey_id" ref="safety_questionnaire_form"/>
            <field name="sequence">224</field>
            <field name="question_type" eval="False"/>
            <field name="is_page" eval="True"/>
            <field name="description" type="html">
                <p>Performance of the Tenderer</p>
            </field>
        </record>

     <!-- Question No. 177 -->
        <record id="safety_question_performance_q177" model="survey.question">
            <field name="survey_id" ref="safety_questionnaire_form"/>
            <field name="sequence">225</field>
            <field name="title">
                The management review has included consideration of changes in external and internal issues, that are relevant to the OH&amp;S management system, encompassing the needs and expectations of interested parties.</field>
            <field name="question_type">simple_choice</field>
            <field name="comments_allowed" eval="True"/>
            <field name="comments_message">Findings / Evidences</field>
            <field name="constr_mandatory" eval="False"/>
        </record>
        <!-- Question No. 177 (CHOICES) -->
            <record id="safety_question_performance_q177_ans1" model="survey.question.answer">
                <field name="question_id" ref="safety_question_performance_q177"/>
                <field name="sequence">1</field>
                <field name="value">Not Applicable</field>
                <field name="answer_score">0</field>
            </record>
            <record id="safety_question_performance_q177_ans2" model="survey.question.answer">
                <field name="question_id" ref="safety_question_performance_q177"/>
                <field name="sequence">2</field>
                <field name="value">No relevant document submitted. Or the submitted document cannot be evaluated.</field>
                <field name="answer_score">1</field>
            </record>
            <record id="safety_question_performance_q177_ans3" model="survey.question.answer">
                <field name="question_id" ref="safety_question_performance_q177"/>
                <field name="sequence">3</field>
                <field name="value">The management review has not included consideration of changes in external and internal issues, that are relevant to the OH&amp;S management system, encompassing the needs and expectations of interested parties.</field>
                <field name="answer_score">3</field>
            </record>
            <record id="safety_question_performance_q177_ans4" model="survey.question.answer">
                <field name="question_id" ref="safety_question_performance_q177"/>
                <field name="sequence">4</field>
                <field name="value">The management review has partially included consideration of changes in external and internal issues, that are relevant to the OH&amp;S management system, encompassing the needs and expectations of interested parties.</field>
                <field name="answer_score">6</field>
            </record>
            <record id="safety_question_performance_q177_ans5" model="survey.question.answer">
                <field name="question_id" ref="safety_question_performance_q177"/>
                <field name="sequence">5</field>
                <field name="value">The management review has consistently included consideration of changes in external and internal issues, that are relevant to the OH&amp;S management system, encompassing the needs and expectations of interested parties.</field>
                <field name="answer_score">10</field>
            </record>

        <!-- Question No. 178 -->
        <record id="safety_question_performance_q178" model="survey.question">
            <field name="survey_id" ref="safety_questionnaire_form"/>
            <field name="sequence">226</field>
            <field name="title">
                The management review has included consideration of changes in external and internal issues, that are relevant to the OH&amp;S management system, including legal and other requirements.</field>
            <field name="question_type">simple_choice</field>
            <field name="comments_allowed" eval="True"/>
            <field name="comments_message">Findings / Evidences</field>
            <field name="constr_mandatory" eval="False"/>
        </record>
        <!-- Question No. 178 (CHOICES) -->
            <record id="safety_question_performance_q178_ans1" model="survey.question.answer">
                <field name="question_id" ref="safety_question_performance_q178"/>
                <field name="sequence">1</field>
                <field name="value">Not Applicable</field>
                <field name="answer_score">0</field>
            </record>
            <record id="safety_question_performance_q178_ans2" model="survey.question.answer">
                <field name="question_id" ref="safety_question_performance_q178"/>
                <field name="sequence">2</field>
                <field name="value">No relevant document submitted. Or the submitted document cannot be evaluated.</field>
                <field name="answer_score">1</field>
            </record>
            <record id="safety_question_performance_q178_ans3" model="survey.question.answer">
                <field name="question_id" ref="safety_question_performance_q178"/>
                <field name="sequence">3</field>
                <field name="value">The management review has not included consideration of changes in external and internal issues, that are relevant to the OH&amp;S management system, including legal and other requirements.</field>
                <field name="answer_score">3</field>
            </record>
            <record id="safety_question_performance_q178_ans4" model="survey.question.answer">
                <field name="question_id" ref="safety_question_performance_q178"/>
                <field name="sequence">4</field>
                <field name="value">The management review has partially included consideration of changes in external and internal issues, that are relevant to the OH&amp;S management system, including legal and other requirements.</field>
                <field name="answer_score">6</field>
            </record>
            <record id="safety_question_performance_q178_ans5" model="survey.question.answer">
                <field name="question_id" ref="safety_question_performance_q178"/>
                <field name="sequence">5</field>
                <field name="value">The management review has consistently included consideration of changes in external and internal issues, that are relevant to the OH&amp;S management system, including legal and other requirements.</field>
                <field name="answer_score">10</field>
            </record>

        <!-- Question No. 179 -->
        <record id="safety_question_performance_q179" model="survey.question">
            <field name="survey_id" ref="safety_questionnaire_form"/>
            <field name="sequence">227</field>
            <field name="title">
                The management review has included consideration of changes in external and internal issues that are relevant to the OH&amp;S management system, including risks and opportunities.</field>
            <field name="question_type">simple_choice</field>
            <field name="comments_allowed" eval="True"/>
            <field name="comments_message">Findings / Evidences</field>
            <field name="constr_mandatory" eval="False"/>
        </record>
        <!-- Question No. 179 (CHOICES) -->
            <record id="safety_question_performance_q179_ans1" model="survey.question.answer">
                <field name="question_id" ref="safety_question_performance_q179"/>
                <field name="sequence">1</field>
                <field name="value">Not Applicable</field>
                <field name="answer_score">0</field>
            </record>
            <record id="safety_question_performance_q179_ans2" model="survey.question.answer">
                <field name="question_id" ref="safety_question_performance_q179"/>
                <field name="sequence">2</field>
                <field name="value">No relevant document submitted. Or the submitted document cannot be evaluated.</field>
                <field name="answer_score">1</field>
            </record>
            <record id="safety_question_performance_q179_ans3" model="survey.question.answer">
                <field name="question_id" ref="safety_question_performance_q179"/>
                <field name="sequence">3</field>
                <field name="value">The management review has not included consideration of changes in external and internal issues that are relevant to the OH&amp;S management system, including risks and opportunities.</field>
                <field name="answer_score">3</field>
            </record>
            <record id="safety_question_performance_q179_ans4" model="survey.question.answer">
                <field name="question_id" ref="safety_question_performance_q179"/>
                <field name="sequence">4</field>
                <field name="value">The management review has partially included consideration of changes in external and internal issues that are relevant to the OH&amp;S management system, including risks and opportunities.</field>
                <field name="answer_score">6</field>
            </record>
            <record id="safety_question_performance_q179_ans5" model="survey.question.answer">
                <field name="question_id" ref="safety_question_performance_q179"/>
                <field name="sequence">5</field>
                <field name="value">The management review has consistently included consideration of changes in external and internal issues that are relevant to the OH&amp;S management system, including risks and opportunities.</field>
                <field name="answer_score">10</field>
            </record>

        <!-- Question No. 180 -->
        <record id="safety_question_performance_q180" model="survey.question">
            <field name="survey_id" ref="safety_questionnaire_form"/>
            <field name="sequence">228</field>
            <field name="title">
                The management review has included consideration of the extent to which the OH&amp;S policy and the OH&amp;S objectives have been met.</field>
            <field name="question_type">simple_choice</field>
            <field name="comments_allowed" eval="True"/>
            <field name="comments_message">Findings / Evidences</field>
            <field name="constr_mandatory" eval="False"/>
        </record>
        <!-- Question No. 180 (CHOICES) -->
            <record id="safety_question_performance_q180_ans1" model="survey.question.answer">
                <field name="question_id" ref="safety_question_performance_q180"/>
                <field name="sequence">1</field>
                <field name="value">Not Applicable</field>
                <field name="answer_score">0</field>
            </record>
            <record id="safety_question_performance_q180_ans2" model="survey.question.answer">
                <field name="question_id" ref="safety_question_performance_q180"/>
                <field name="sequence">2</field>
                <field name="value">No relevant document submitted. Or the submitted document cannot be evaluated.</field>
                <field name="answer_score">1</field>
            </record>
            <record id="safety_question_performance_q180_ans3" model="survey.question.answer">
                <field name="question_id" ref="safety_question_performance_q180"/>
                <field name="sequence">3</field>
                <field name="value">The management review has not included consideration of the extent to which the OH&amp;S policy and the OH&amp;S objectives have been met.</field>
                <field name="answer_score">3</field>
            </record>
            <record id="safety_question_performance_q180_ans4" model="survey.question.answer">
                <field name="question_id" ref="safety_question_performance_q180"/>
                <field name="sequence">4</field>
                <field name="value">The management review has partially included consideration of the extent to which the OH&amp;S policy and the OH&amp;S objectives have been met.</field>
                <field name="answer_score">6</field>
            </record>
            <record id="safety_question_performance_q180_ans5" model="survey.question.answer">
                <field name="question_id" ref="safety_question_performance_q180"/>
                <field name="sequence">5</field>
                <field name="value">The management review has consistently included consideration of the extent to which the OH&amp;S policy and the OH&amp;S objectives have been met.</field>
                <field name="answer_score">10</field>
            </record>

        <!-- Question No. 181 -->
        <record id="safety_question_performance_q181" model="survey.question">
            <field name="survey_id" ref="safety_questionnaire_form"/>
            <field name="sequence">229</field>
            <field name="title">
                Top management has communicated the relevant outputs of management reviews to workers, and, where they exist, workers’ representatives.</field>
            <field name="question_type">simple_choice</field>
            <field name="comments_allowed" eval="True"/>
            <field name="comments_message">Findings / Evidences</field>
            <field name="constr_mandatory" eval="False"/>
        </record>
        <!-- Question No. 181 (CHOICES) -->
            <record id="safety_question_performance_q181_ans1" model="survey.question.answer">
                <field name="question_id" ref="safety_question_performance_q181"/>
                <field name="sequence">1</field>
                <field name="value">Not Applicable</field>
                <field name="answer_score">0</field>
            </record>
            <record id="safety_question_performance_q181_ans2" model="survey.question.answer">

                <field name="question_id" ref="safety_question_performance_q181"/>
                <field name="sequence">2</field>
                <field name="value">No relevant document submitted. Or the submitted document cannot be evaluated.</field>
                <field name="answer_score">1</field>
            </record>
            <record id="safety_question_performance_q181_ans3" model="survey.question.answer">
                <field name="question_id" ref="safety_question_performance_q181"/>
                <field name="sequence">3</field>
                <field name="value">Top management has not communicated the relevant outputs of management reviews to workers, and, where they exist, workers’ representatives.</field>
                <field name="answer_score">3</field>
            </record>
            <record id="safety_question_performance_q181_ans4" model="survey.question.answer">
                <field name="question_id" ref="safety_question_performance_q181"/>
                <field name="sequence">4</field>
                <field name="value">Top management has partially communicated the relevant outputs of management reviews to workers, and, where they exist, workers’ representatives.</field>
                <field name="answer_score">6</field>
            </record>
            <record id="safety_question_performance_q181_ans5" model="survey.question.answer">
                <field name="question_id" ref="safety_question_performance_q181"/>
                <field name="sequence">5</field>
                <field name="value">Top management has consistently communicated the relevant outputs of management reviews to workers, and, where they exist, workers’ representatives.</field>
                <field name="answer_score">10</field>
            </record>

    </data>
</odoo>