<?xml version="1.0" encoding="utf-8"?>
<odoo>
    <data noupdate="1">
        <record model="survey.question.category" id="category_1">
            <field name="name">Context</field>
            <field name="analysis_type_id" ref="hawk_base.analysis_type1"/>
            <field name="tooltip">Context: Lorem ipsum dolor sit amet, consectetur adipiscing elit, sed do eiusmod tempor incididunt ut labore et dolore magna aliqua.</field>
            <field name="sequence">1</field>
        </record>
        <record model="survey.question.category" id="category_2">
            <field name="name">Leadership</field>
            <field name="analysis_type_id" ref="hawk_base.analysis_type1"/>
            <field name="tooltip">Leadership: Lorem ipsum dolor sit amet, consectetur adipiscing elit, sed do eiusmod tempor incididunt ut labore et dolore magna aliqua.</field>
            <field name="sequence">2</field>
        </record>
        <record model="survey.question.category" id="category_3">
            <field name="name">Planning</field>
            <field name="analysis_type_id" ref="hawk_base.analysis_type1"/>
            <field name="tooltip">Planning: Lorem ipsum dolor sit amet, consectetur adipiscing elit, sed do eiusmod tempor incididunt ut labore et dolore magna aliqua.</field>
            <field name="sequence">3</field>
        </record>
        <record model="survey.question.category" id="category_4">
            <field name="name">Support</field>
            <field name="analysis_type_id" ref="hawk_base.analysis_type1"/>
            <field name="tooltip">Support: Lorem ipsum dolor sit amet, consectetur adipiscing elit, sed do eiusmod tempor incididunt ut labore et dolore magna aliqua.</field>
            <field name="sequence">4</field>
        </record>
        <record model="survey.question.category" id="category_5">
            <field name="name">Operation</field>
            <field name="analysis_type_id" ref="hawk_base.analysis_type1"/>
            <field name="tooltip">Operation: Lorem ipsum dolor sit amet, consectetur adipiscing elit, sed do eiusmod tempor incididunt ut labore et dolore magna aliqua.</field>
            <field name="sequence">5</field>
        </record>
        <record model="survey.question.category" id="category_6">
            <field name="name">Performance</field>
            <field name="analysis_type_id" ref="hawk_base.analysis_type1"/>
            <field name="tooltip">Performance: Lorem ipsum dolor sit amet, consectetur adipiscing elit, sed do eiusmod tempor incididunt ut labore et dolore magna aliqua.</field>
            <field name="sequence">6</field>
        </record>
        <record model="survey.question.category" id="category_7">
            <field name="name">Improvement</field>
            <field name="analysis_type_id" ref="hawk_base.analysis_type1"/>
            <field name="tooltip">Improvement: Lorem ipsum dolor sit amet, consectetur adipiscing elit, sed do eiusmod tempor incididunt ut labore et dolore magna aliqua.</field>
            <field name="sequence">7</field>
        </record>
    </data>
</odoo>