<?xml version="1.0" encoding="UTF-8"?>
<odoo>
    <data noupdate="1">
        <record id="safety_questionnaire_form" model="survey.survey">
            <field name="title">Safety Analysis Questionnaire (REFERENCE)</field>
            <field name="access_token">6e5376fa-07c0-4627-ab29-f700f7dbd118</field>
            <field name="state">draft</field>
            <field name="access_mode">public</field>
            <field name="users_login_required" eval="True"/>
            <field name="questions_layout">page_per_question</field>
            <field name="progression_mode">number</field>
            <field name="is_time_limited" eval="False"/>
<!--            <field name="time_limit">10080</field>-->
            <field name="questions_selection">all</field>
            <field name="users_can_go_back" eval="True"/>
            <field name="scoring_type">no_scoring</field>
            <field name="description" type="html">
                <p>Write the description here</p>
            </field>
            <field name="background_image" type="base64" file="hawk_survey/static/src/img/survey_background.jpg"/>
        </record>
    </data>
</odoo>