<?xml version="1.0" encoding="utf-8"?>
<odoo>
    <data noupdate="0">
        <template id="mail_notification_paynow_online" inherit_id="mail.mail_notification_paynow"
                  name="Hawk Stripe notification template">
            <xpath expr="//t[@t-set='access_name']" position="after">
                <t t-if="record._name == 'sale.order'">
                    <t t-set="is_transaction_pending" t-value="record.get_portal_last_transaction().state == 'pending'"/>
                    <t t-if="record.has_to_be_signed(include_draft=True)">
                        <t t-if="record.has_to_be_paid()" t-set="access_name">
                            <t t-if="is_transaction_pending">View Quotation</t>
                            <t t-else="">Sign &amp; Pay Quotation</t>
                        </t>
                        <t t-else="" t-set="access_name">Accept &amp; Sign Quotation</t>
                    </t>
                    <t t-elif="record.has_to_be_paid(include_draft=True) and not is_transaction_pending">
                        <t t-set="access_name">Accept &amp; Pay Quotation</t>
                    </t>
                    <t t-elif="record.state in ('draft', 'sent')">
                        <t t-set="access_name">View Quotation</t>
                    </t>
                </t>
                <t t-if="record._name == 'account.move' and record._get_return_url()">
                    <t t-set="return_url" t-value="record._get_return_url()"/>
                    <t t-set="access_url" t-value="is_online and return_url and base_url + return_url or ''"/>
                    <t t-if="record.state in ('posted')">
                        <t t-set="access_name">Upload Tender Documents</t>
                    </t>
                </t>
            </xpath>
            <xpath expr="//div[@t-if='record.user_id.sudo().signature']" position="after">
                <p style="margin: 0px; padding: 0px; font-size: 13px;">
                    <strong><span t-esc="record.user_id.name"/></strong>
                    <br/><br/>
                    Client Concierge
                    <br/>
                    SAVVY CORPORATION
                    <br/>
                    When you want to optimise business performance - <strong>THINK SAVVY</strong>
                    <br/><br/>
                    <img src="/hawk_base/static/img/small_hawk_logo.png" style="float: left;"/>
                    <br/><br/><br/>
                    <strong>Mobile:</strong> + 61 450 056 099
                    <br/>
                    <strong>Phone:</strong>  + 61 3 8687 2173
                    <br/>
                    <strong>Email:</strong>   <strong><span t-esc="record.user_id.email"/></strong>
                    <br/>
                    <strong>Web:</strong>     www.think-savvy.com
                    <br/><br/>
                    <strong>Office:</strong>
                    <br/>
                    Victory Tower
                    <br/>
                    Level 2, 420 Collins St
                    <br/>
                    Melbourne, Victoria
                    <br/>
                    Australia, 3006.
                    <br/><br/>
                    <small>The information contained in this e-mail is intended only for the use of the person(s) to whom
                        it is addressed and may be confidential or contain legally privileged information.
                        If you are not the intended recipient you are hereby notified that any perusal, use,
                        distribution, copying, or disclosure is strictly prohibited. If you have received this e-mail
                        in error, please immediately advise us by return e-mail and delete the email document without making a copy.</small>
                </p>
            </xpath>
        </template>
        <record id="hawk_stripe.email_template_edi_sale" model="mail.template">
            <field name="name">Sales Order: Send by email (Hawk-Stripe)</field>
            <field name="model_id" ref="sale.model_sale_order"/>
            <field name="subject">${object.company_id.name} - ${object.state in ('draft', 'sent') and (ctx.get('proforma') and 'Proforma' or 'Quotation') or 'Order'} (Ref ${object.name or 'n/a' })</field>
            <field name="email_from">"Think Savvy" &lt;HTA.portal@think-savvy.com&gt;</field>
            <field name="partner_to">${object.partner_id.id}</field>
            <field name="body_html" type="html">
                <div style="margin: 0px; padding: 0px;">
                    <p style="margin: 0px; padding: 0px; font-size: 13px;">
                        % set doc_name = 'quotation' if object.state in ('draft', 'sent') else 'order'
                        Dear ${object.partner_id.name},
                        <br/><br/>
                        % if ctx.get('proforma'):
                        Your Pro forma invoice for ${doc_name} <strong>${object.name}</strong>
                        % if object.origin:
                        (with reference: ${object.origin} )
                        % endif
                        amounting in <strong>${format_amount(object.amount_total, object.pricelist_id.currency_id)}</strong> is available.
                        % else:
                        Please find attached, quote no <strong>${object.name}</strong>. <!--  % if object.origin: ${object.origin} % endif -->
                        % endif
                        <br/><br/>
                        We are happy to answer any questions you may have regarding this quotation.
                        <br/><br/>
                    </p>
                </div>
            </field>
            <field name="report_template" ref="hawk_stripe.action_report_saleorder"/>
            <field name="report_name">${(object.name or '').replace('/','_')}</field>
            <field name="lang">${object.partner_id.lang}</field>
            <field name="auto_delete" eval="True"/>
        </record>
        <record id="hawk_stripe.mail_template_sale_confirmation" model="mail.template">
            <field name="name">Sales Order: Confirmation Email (Hawk-Stripe)</field>
            <field name="model_id" ref="sale.model_sale_order"/>
            <field name="subject">${object.company_id.name} - ${(object.get_portal_last_transaction().state == 'pending') and 'Pending Order' or 'Order'} (Ref ${object.name or 'n/a' })</field>
            <field name="email_from">"Think Savvy" &lt;HTA.portal@think-savvy.com&gt;</field>
            <field name="partner_to">${object.partner_id.id}</field>
            <field name="body_html" type="html">
                <div style="margin: 0px; padding: 0px;">
                    <p style="margin: 0px; padding: 0px; font-size: 13px;">
                        Dear ${object.partner_id.name},
                        <br/><br/>
                        % set transaction = object.get_portal_last_transaction()
                        Your order <strong>${object.name}</strong> amounting in <strong>${format_amount(object.amount_total, object.currency_id)}</strong>
                        % if object.state == 'sale' or (transaction and transaction.state in ('done', 'authorized')) :
                        has been confirmed.<br/>
                        Thank you for your trust!
                        % elif transaction and transaction.state == 'pending' :
                        is pending. It will be confirmed when the payment is received.
                        % if object.reference:
                        Your payment reference is <strong>${object.reference}</strong>.
                        % endif
                        % endif
                        <br/><br/>
                        Do not hesitate to contact us if you have any questions.
                        <br/><br/>
                    </p>
                    % if object.website_id:
                    <div style="margin: 0px; padding: 0px;">
                        <table width="100%" style="color: #454748; font-size: 12px; border-collapse: collapse;">
                            <tr style="border-bottom: 2px solid #dee2e6;">
                                <td style="width: 150px;"><strong>Products</strong></td>
                                <td></td>
                                <td width="15%" align="center"><strong>Quantity</strong></td>
                                <td width="20%" align="right"><strong>
                                    % if object.user_id.has_group('account.group_show_line_subtotals_tax_excluded'):
                                    VAT Excl.
                                    % else
                                    VAT Incl.
                                    % endif
                                </strong></td>
                            </tr>
                        </table>
                        % for line in object.order_line:
                        % if not line.is_delivery and line.display_type in ['line_section', 'line_note']:
                        <table width="100%" style="color: #454748; font-size: 12px; border-collapse: collapse;">
                            <tr style="${loop.cycle('background-color: #f2f2f2', 'background-color: #ffffff')}">
                                <td colspan="4">
                                    % if line.display_type == 'line_section':
                                    <strong>${line.name}</strong>
                                    % elif line.display_type == 'line_note':
                                    <i>${line.name}</i>
                                    % endif
                                </td>
                            </tr>
                        </table>
                        % elif not line.is_delivery
                        <table width="100%" style="color: #454748; font-size: 12px; border-collapse: collapse;">
                            <tr style="${loop.cycle('background-color: #f2f2f2', 'background-color: #ffffff')}">
                                <td style="width: 150px;">
                                    <img src="/web/image/product.product/${line.product_id.id}/image_128" style="width: 64px; height: 64px; object-fit: contain;" alt="Product image"></img>
                                </td>
                                <td align="left">${line.product_id.name}</td>
                                <td width="15%" align="center">${line.product_uom_qty}</td>
                                <td width="20%" align="right"><strong>
                                    % if object.user_id.has_group('account.group_show_line_subtotals_tax_excluded'):
                                    ${format_amount(line.price_reduce_taxexcl, object.currency_id)}
                                    % else
                                    ${format_amount(line.price_reduce_taxinc, object.currency_id)}
                                    % endif
                                </strong></td>
                            </tr>
                        </table>
                        % endif
                        % endfor
                    </div>
                    % if object.carrier_id:
                    <div style="margin: 0px; padding: 0px;">
                        <table width="100%" style="color: #454748; font-size: 12px; border-spacing: 0px 4px;" align="right">
                            <tr>
                                <td style="width: 60%"/>
                                <td style="width: 30%; border-top: 1px solid #dee2e6;" align="right"><strong>Delivery:</strong></td>
                                <td style="width: 10%; border-top: 1px solid #dee2e6;" align="right">${format_amount(object.amount_delivery, object.currency_id)}</td>
                            </tr>
                            <tr>
                                <td style="width: 60%"/>
                                <td style="width: 30%;" align="right"><strong>SubTotal:</strong></td>
                                <td style="width: 10%;" align="right">${format_amount(object.amount_untaxed, object.currency_id)}</td>
                            </tr>
                        </table>
                    </div>
                    % else:
                    <div style="margin: 0px; padding: 0px;">
                        <table width="100%" style="color: #454748; font-size: 12px; border-spacing: 0px 4px;" align="right">
                            <tr>
                                <td style="width: 60%"/>
                                <td style="width: 30%; border-top: 1px solid #dee2e6;" align="right"><strong>SubTotal:</strong></td>
                                <td style="width: 10%; border-top: 1px solid #dee2e6;" align="right">${format_amount(object.amount_untaxed, object.currency_id)}</td>
                            </tr>
                        </table>
                    </div>
                    % endif
                    <div style="margin: 0px; padding: 0px;">
                        <table width="100%" style="color: #454748; font-size: 12px; border-spacing: 0px 4px;" align="right">
                            <tr>
                                <td style="width: 60%"/>
                                <td style="width: 30%;" align="right"><strong>Taxes:</strong></td>
                                <td style="width: 10%;" align="right">${format_amount(object.amount_tax, object.currency_id)}</td>
                            </tr>
                            <tr>
                                <td style="width: 60%"/>
                                <td style="width: 30%; border-top: 1px solid #dee2e6;" align="right"><strong>Total:</strong></td>
                                <td style="width: 10%; border-top: 1px solid #dee2e6;" align="right">${format_amount(object.amount_total, object.currency_id)}</td>
                            </tr>
                        </table>
                    </div>
                    % if object.partner_invoice_id:
                    <div style="margin: 0px; padding: 0px;">
                        <table width="100%" style="color: #454748; font-size: 12px;">
                            <tr>
                                <td style="padding-top: 10px;">
                                    <strong>Bill to:</strong>
                                    ${object.partner_invoice_id.street or ''}
                                    ${object.partner_invoice_id.city or ''}
                                    ${object.partner_invoice_id.state_id.name or ''}
                                    ${object.partner_invoice_id.zip or ''}
                                    ${object.partner_invoice_id.country_id.name or ''}
                                </td>
                            </tr>
                            <tr>
                                <td>
                                    <strong>Payment Method:</strong>
                                    % if transaction.payment_token_id:
                                    ${transaction.payment_token_id.name}
                                    % else:
                                    ${transaction.acquirer_id.name}
                                    % endif
                                    (${format_amount(transaction.amount, object.currency_id)})
                                </td>
                            </tr>
                        </table>
                    </div>
                    % endif
                    % if object.partner_shipping_id and not object.only_services:
                    <div style="margin: 0px; padding: 0px;">
                        <table width="100%" style="color: #454748; font-size: 12px;">
                            <tr>
                                <td>
                                    <br/>
                                    <strong>Ship to:</strong>
                                    ${object.partner_shipping_id.street or ''}
                                    ${object.partner_shipping_id.city or ''}
                                    ${object.partner_shipping_id.state_id.name or ''}
                                    ${object.partner_shipping_id.zip or ''}
                                    ${object.partner_shipping_id.country_id.name or ''}
                                </td>
                            </tr>
                        </table>
                        % if object.carrier_id:
                        <table width="100%" style="color: #454748; font-size: 12px;">
                            <tr>
                                <td>
                                    <strong>Shipping Method:</strong>
                                    ${object.carrier_id.name}
                                    % if object.carrier_id.fixed_price == 0.0:
                                    (Free)
                                    % else:
                                    (${format_amount(object.carrier_id.fixed_price, object.currency_id)})
                                    % endif
                                </td>
                            </tr>
                        </table>
                        % endif
                    </div>
                    % endif
                    % endif
                </div></field>
            <field name="report_template" ref="hawk_stripe.action_report_saleorder"/>
            <field name="report_name">${(object.name or '').replace('/','_')}</field>
            <field name="lang">${object.partner_id.lang}</field>
            <field name="auto_delete" eval="True"/>
        </record>
        <record id="hawk_stripe.email_template_edi_invoice" model="mail.template">
            <field name="name">Invoice: Send by email (Hawk Stripe)</field>
            <field name="model_id" ref="account.model_account_move"/>
            <field name="email_from">"Think Savvy" &lt;HTA.portal@think-savvy.com&gt;</field>
<!--            <field name="email_to">${object.partner_id.email_formatted | safe}</field>-->
            <field name="reply_to">concierge@think-savvy.com</field>
<!--            <field name="email_cc">${(object.user_id.email_formatted or user.email_formatted) | safe}</field>-->
            <field name="partner_to">${object.partner_id.id}</field>
            <field name="subject">${object.company_id.name} Invoice (Ref ${object.name or 'n/a'})</field>
            <field name="body_html" type="html">
                <div style="margin: 0px; padding: 0px;">
                    <p style="margin: 0px; padding: 0px; font-size: 13px;">
                        Dear
                        % if object.partner_id.parent_id:
                        ${object.partner_id.name} (${object.partner_id.parent_id.name}),
                        % else:
                        ${object.partner_id.name},
                        % endif
                        <br /><br />
                        Your payment was successfully completed!
                        <br/><br/>
                        We received your payment with a total of <strong>${format_amount(object.amount_total, object.currency_id)}</strong> for Hawk Tender Appraisal.
                        <br/><br/>
                        If you have not uploaded your tender details and proposals in the continuation of the payment process, you have the opportunity for doing that by clicking the below button.
                    </p>
                </div>
            </field>
            <field name="report_template" ref="hawk_stripe.account_invoices"/>
            <field name="report_name">Invoice_${(object.name or '').replace('/','_')}${object.state == 'draft' and '_draft' or ''}</field>
            <field name="lang">${object.partner_id.lang}</field>
            <field name="auto_delete" eval="True"/>
        </record>

        <!-- SEND EMAIL TO CLIENT AFTER QUOTATION FORM SUBMITTED SUCCESSFULLY -->
        <record id="hawk_stripe.success_quotation_template" model="mail.template">
            <field name="name">Hawk Notification: Send by email</field>
            <field name="model_id" ref="sale.model_sale_order"/>
            <field name="email_from">"Think Savvy" &lt;HTA.portal@think-savvy.com&gt;</field>
            <field name="email_to">${object.partner_id.email_formatted | safe}</field>
            <field name="reply_to">concierge@think-savvy.com</field>
            <field name="email_cc">${(object.user_id.email_formatted or user.email_formatted) | safe}</field>
            <field name="subject">ThinkSavvy - Request for Quotation (Ref ${object.name})</field>
            <field name="body_html" type="html">
                <div style="margin: 0px; padding: 0px;">
                    <p style="margin: 0px; padding: 0px; font-size: 13px;">
                        <br/>
                        Dear ${object.partner_id.name},
                        <br/><br/>
                        We have received your request for a quotation on the Hawk Tender Appraisal service.
                        <br/><br/>
                        Our Sales Team is working on the request, and they will return to you as soon as possible.
                        <br/><br/>
                        Your reference for the quote is: <strong>${object.name}</strong>
                        <br/><br/>
                        <br/><br/>
                        Best Regards,
                        <br/>
                        ${object.user_id.name}
                        <br/><br/>
                        SAVVY CORPORATION
                        <br/>
                        When you want to optimise business performance - <strong>THINK SAVVY</strong>
                        <br/><br/>
                        <small>The information contained in this e-mail is intended only for the use of the person(s) to whom
                            it is addressed and may be confidential or contain legally privileged information.
                            If you are not the intended recipient you are hereby notified that any perusal, use,
                            distribution, copying, or disclosure is strictly prohibited. If you have received this e-mail
                            in error, please immediately advise us by return e-mail and delete the email document without making a copy.</small>
                    </p>
                </div>
            </field>
        </record>

        <!-- SEND EMAIL TO CLIENT AFTER A SUCCESSFUL PAYMENT -->
        <record id="hawk_stripe.success_payment_template" model="mail.template">
            <field name="name">Hawk Notification: Send by email</field>
            <field name="model_id" ref="sale.model_sale_order"/>
            <field name="email_from">"Think Savvy" &lt;HTA.portal@think-savvy.com&gt;</field>
            <field name="email_to">${object.partner_id.email_formatted | safe}</field>
            <field name="reply_to">concierge@think-savvy.com</field>
            <field name="email_cc">${(object.user_id.email_formatted or user.email_formatted) | safe}</field>
            <field name="subject">ThinkSavvy - Invoice (Ref ${object.name})</field>
            <field name="body_html" type="html">
                <div style="margin: 0px; padding: 0px;">
                    <p style="margin: 0px; padding: 0px; font-size: 13px;">
                        <br/>
                        Dear ${object.partner_id.name},
                        <br/><br/>
                        Your payment was successfully completed!
                        <br/><br/>
                        We received your payment with a total of <strong>${object.amount_total}</strong> for Hawk Tender Appraisal.
                        <br/><br/>
                        If you have not uploaded your tender details and proposals in the continuation of the payment process,
                        <br/>you have the opportunity for doing that by clicking the below button.
                        <br/><br/>
                        <a href="${ctx['url']}" style="background-color: #5a3d98; color: white; padding: 5px;">Upload Tender Documents</a>
                        <br/><br/>
                        Best Regards,
                        <br/>
                        ${object.user_id.name}
                        <br/><br/>
                        SAVVY CORPORATION
                        <br/>
                        When you want to optimise business performance - <strong>THINK SAVVY</strong>
                        <br/><br/>
                        <small>The information contained in this e-mail is intended only for the use of the person(s) to whom
                            it is addressed and may be confidential or contain legally privileged information.
                            If you are not the intended recipient you are hereby notified that any perusal, use,
                            distribution, copying, or disclosure is strictly prohibited. If you have received this e-mail
                            in error, please immediately advise us by return e-mail and delete the email document without making a copy.</small>
                    </p>
                </div>
            </field>
        </record>

    </data>
</odoo>
