<?xml version="1.0" encoding="utf-8"?>
<odoo>
    <data noupdate="1">
        <record id="base.group_user" model="res.groups">
            <field name="implied_ids" eval="[(4, ref('product.group_product_variant'))]"/>
        </record>

        <record id="product_category_hawk" model="product.category">
            <field name="parent_id" ref="product.product_category_all"/>
            <field name="name">Hawk Reports</field>
        </record>

        <record id="product_product_safety_report_template" model="product.template">
            <field name="name">Safety Report Module</field>
            <field name="categ_id" ref="product_category_hawk"/>
            <field name="standard_price">100.00</field>
            <field name="list_price">100.00</field>
            <field name="type">service</field>
            <field name="invoice_policy">order</field>
            <field name="uom_id" ref="uom.product_uom_unit"/>
            <field name="uom_po_id" ref="uom.product_uom_unit"/>
            <field name="module_id" ref="hawk_base.analysis_type1"/>
        </record>

        <record id="product_product_quality_report_template" model="product.template">
            <field name="name">Quality Report Module</field>
            <field name="categ_id" ref="product_category_hawk"/>
            <field name="standard_price">100.00</field>
            <field name="list_price">100.00</field>
            <field name="type">service</field>
            <field name="invoice_policy">order</field>
            <field name="uom_id" ref="uom.product_uom_unit"/>
            <field name="uom_po_id" ref="uom.product_uom_unit"/>
            <field name="module_id" ref="hawk_base.analysis_type2"/>
        </record>

        <record id="product_product_health_report_template" model="product.template">
            <field name="name">Heath Report Module</field>
            <field name="categ_id" ref="product_category_hawk"/>
            <field name="standard_price">100.00</field>
            <field name="list_price">100.00</field>
            <field name="type">service</field>
            <field name="invoice_policy">order</field>
            <field name="uom_id" ref="uom.product_uom_unit"/>
            <field name="uom_po_id" ref="uom.product_uom_unit"/>
            <field name="module_id" ref="hawk_base.analysis_type3"/>
        </record>

        <record id="product_product_environment_report_template" model="product.template">
            <field name="name">Environment Report Module</field>
            <field name="categ_id" ref="product_category_hawk"/>
            <field name="standard_price">100.00</field>
            <field name="list_price">100.00</field>
            <field name="type">service</field>
            <field name="invoice_policy">order</field>
            <field name="uom_id" ref="uom.product_uom_unit"/>
            <field name="uom_po_id" ref="uom.product_uom_unit"/>
            <field name="module_id" ref="hawk_base.analysis_type4"/>
        </record>
    </data>
</odoo>