id,name,model_id:id,group_id:id,perm_read,perm_write,perm_create,perm_unlink

sign_template_admin,sign.template.admin,sign.model_sign_template,hawk_base.group_hawk_admin,1,1,1,1
sign_template_manager,sign.template.manager,sign.model_sign_template,hawk_base.group_hawk_manager,1,1,1,0
sign_template_leader,sign.template.leader,sign.model_sign_template,hawk_base.group_hawk_leader,1,1,0,0
sign_template_analyst,sign.template.analyst,sign.model_sign_template,hawk_base.group_hawk_analyst,1,0,0,0
sign_template_client_manager,sign.template.client.manager,sign.model_sign_template,hawk_base.group_hawk_client_manager,1,0,0,0
sign_template_qa,sign.template.client.qa,sign.model_sign_template,hawk_base.group_hawk_qa,1,1,1,0

sign_template_type_admin,sign.template.type.admin,model_sign_template_type,hawk_base.group_hawk_admin,1,1,1,1
sign_template_type_manager,sign.template.type.manager,model_sign_template_type,hawk_base.group_hawk_manager,1,1,1,0
sign_template_type_leader,sign.template.type.leader,model_sign_template_type,hawk_base.group_hawk_leader,1,1,0,0
sign_template_type_analyst,sign.template.type.analyst,model_sign_template_type,hawk_base.group_hawk_analyst,1,0,0,0
sign_template_type_client_manager,sign.template.type.client.manager,model_sign_template_type,hawk_base.group_hawk_client_manager,1,0,0,0
sign_template_type_qa,sign.template.type.client.qa,model_sign_template_type,hawk_base.group_hawk_qa,1,1,1,0

sign_request_admin,sign.request.admin,sign.model_sign_request,hawk_base.group_hawk_admin,1,1,1,1
sign_request_manager,sign.request.manager,sign.model_sign_request,hawk_base.group_hawk_manager,1,1,1,0
sign_request_leader,sign.request.leader,sign.model_sign_request,hawk_base.group_hawk_leader,1,1,0,0
sign_request_analyst,sign.request.analyst,sign.model_sign_request,hawk_base.group_hawk_analyst,1,0,0,0
sign_request_client_manager,sign.request.client.manager,sign.model_sign_request,hawk_base.group_hawk_client_manager,1,0,0,0
sign_request_qa,sign.request.client.qa,sign.model_sign_request,hawk_base.group_hawk_qa,1,1,1,0

sign_send_request_admin,sign.send.request.admin,sign.model_sign_send_request,hawk_base.group_hawk_admin,1,1,1,1
sign_send_request_manager,sign.send.request.manager,sign.model_sign_send_request,hawk_base.group_hawk_manager,1,1,1,0
sign_send_request_leader,sign.send.request.leader,sign.model_sign_send_request,hawk_base.group_hawk_leader,1,1,0,0
sign_send_request_analyst,sign.send.request.analyst,sign.model_sign_send_request,hawk_base.group_hawk_analyst,1,0,0,0
sign_send_request_client_manager,sign.send.request.client.manager,sign.model_sign_send_request,hawk_base.group_hawk_client_manager,1,0,0,0
