<?xml version="1.0" encoding="utf-8"?>
<odoo>
    <data noupdate="0">

        <function name="write" model="ir.model.data">
            <function name="search" model="ir.model.data">
                <value eval="['|','&amp;',('module', '=', 'sign'), ('name', '=', 'ir_rule_sign_template_group_sign_user'),
                              '|','&amp;',('module', '=', 'sign'), ('name', '=', 'ir_rule_sign_request_group_sign_user_create'),
                              '&amp;',('module', '=', 'sign'), ('name', '=', 'ir_rule_sign_request_group_sign_user_modify')]"/>
            </function>
            <value eval="{'noupdate': False}" />
        </function>

        <record id="sign.ir_rule_sign_template_group_sign_user" model="ir.rule">
            <field name="domain_force">['|',('favorited_ids', 'in', user.id),
                ('type.name','in',['Safety Analyst','Quality Analyst','Health Analyst','Environment Analyst','Team Leader'])]</field>
        </record>

        <record id="sign.ir_rule_sign_request_group_sign_user_create" model="ir.rule">
            <field name="domain_force">['|','|', ('template_id.favorited_ids', 'in', user.id),
                ('template_id.privacy', '=', 'employee'),
                ('template_id.type.name','in',['Safety Analyst','Quality Analyst','Health Analyst','Environment Analyst','Team Leader'])]</field>
        </record>

        <record id="sign.ir_rule_sign_request_group_sign_user_modify" model="ir.rule">
            <field name="domain_force">['|','|', ('favorited_ids', 'in', user.id),
                ('message_partner_ids', 'in', user.partner_id.ids),
                ('template_id.type.name','in',['Safety Analyst','Quality Analyst','Health Analyst','Environment Analyst','Team Leader'])]</field>
        </record>

        <function name="write" model="ir.model.data">
            <function name="search" model="ir.model.data">
                <value eval="['|','&amp;',('module', '=', 'sign'), ('name', '=', 'ir_rule_sign_template_group_sign_user'),
                              '|','&amp;',('module', '=', 'sign'), ('name', '=', 'ir_rule_sign_request_group_sign_user_create'),
                              '&amp;',('module', '=', 'sign'), ('name', '=', 'ir_rule_sign_request_group_sign_user_modify')]"/>
            </function>
            <value eval="{'noupdate': True}" />
        </function>

    </data>
</odoo>