<?xml version="1.0" encoding="utf-8"?>
<odoo>
    <data noupdate="0">

        <record id="default_analyst_nda_attachment" model="ir.attachment">
            <field name="name">Non-Disclosure Agreement for Analysts.pdf</field>
            <field name="datas" type="base64" file="hawk_sign/static/src/files/nda_analyst.pdf"/>
            <field name="mimetype">application/pdf</field>
        </record>
        <record id="default_analyst_nda_template" model="sign.template">
            <field name="attachment_id" ref="default_analyst_nda_attachment"/>
            <field name="share_link">demo-nda-for-analyst-template</field>
            <field name="privacy">employee</field>
            <field name="create_uid" ref="base.user_admin"/>
            <field name="type" ref="sign_template_type_safety_analyst"/>
            <field name="favorited_ids" eval="[(4, ref('base.user_admin'))]"/>
            <field name="tag_ids" eval="[(4, ref('sign.sign_template_tag_2')), (4, ref('sign.sign_template_tag_1'))]"/>
        </record>

        <!-- PAGE 1 -->
        <record model="sign.item" id="sign_item_analyst_nda_date_english">
            <field name="template_id" ref="default_analyst_nda_template"/>
            <field name="type_id" ref="sign_item_type_date_english"/>
            <field name="responsible_id" ref="sign.sign_item_role_customer"/>
            <field name="page" type="int">1</field>
            <field name="posX" type="float">0.774</field>
            <field name="posY" type="float">0.518</field>
            <field name="width" type="float">0.150</field>
            <field name="height" type="float">0.022</field>
        </record>

        <!-- PAGE 2 -->
        <record model="sign.item" id="sign_item_analyst_name_header">
            <field name="template_id" ref="default_analyst_nda_template"/>
            <field name="type_id" ref="hawk_sign.sign_item_type_header_name"/>
            <field name="responsible_id" ref="sign.sign_item_role_customer"/>
            <field name="page" type="int">2</field>
            <field name="posX" type="float">0.685</field>
            <field name="posY" type="float">0.103</field>
            <field name="width" type="float">0.235</field>
            <field name="height" type="float">0.022</field>
        </record>
        <record model="sign.item" id="sign_item_analyst_nda_date_english_1">
            <field name="template_id" ref="default_analyst_nda_template"/>
            <field name="type_id" ref="sign_item_type_date_english"/>
            <field name="responsible_id" ref="sign.sign_item_role_customer"/>
            <field name="page" type="int">2</field>
            <field name="posX" type="float">0.597</field>
            <field name="posY" type="float">0.179</field>
            <field name="width" type="float">0.187</field>
            <field name="height" type="float">0.015</field>
        </record>
        <record model="sign.item" id="sign_item_analyst_name_bold">
            <field name="template_id" ref="default_analyst_nda_template"/>
            <field name="type_id" ref="sign_item_type_bold_name"/>
            <field name="responsible_id" ref="sign.sign_item_role_customer"/>
            <field name="page" type="int">2</field>
            <field name="posX" type="float">0.082</field>
            <field name="posY" type="float">0.352</field>
            <field name="width" type="float">0.280</field>
            <field name="height" type="float">0.014</field>
        </record>
        <record model="sign.item" id="sign_item_analyst_company_name">
            <field name="template_id" ref="default_analyst_nda_template"/>
            <field name="type_id" ref="sign.sign_item_type_company"/>
            <field name="responsible_id" ref="sign.sign_item_role_customer"/>
            <field name="page" type="int">2</field>
            <field name="posX" type="float">0.540</field>
            <field name="posY" type="float">0.350</field>
            <field name="width" type="float">0.377</field>
            <field name="height" type="float">0.014</field>
        </record>
        <record model="sign.item" id="sign_item_analyst_company_complete_address">
            <field name="template_id" ref="default_analyst_nda_template"/>
            <field name="type_id" ref="sign_item_type_company_complete_address"/>
            <field name="responsible_id" ref="sign.sign_item_role_customer"/>
            <field name="page" type="int">2</field>
            <field name="posX" type="float">0.233</field>
            <field name="posY" type="float">0.386</field>
            <field name="width" type="float">0.686</field>
            <field name="height" type="float">0.014</field>
        </record>
        <record model="sign.item" id="sign_item_analyst_company_custom_address">
            <field name="template_id" ref="default_analyst_nda_template"/>
            <field name="type_id" ref="sign_item_type_company_custom_address"/>
            <field name="responsible_id" ref="sign.sign_item_role_customer"/>
            <field name="page" type="int">2</field>
            <field name="posX" type="float">0.332</field>
            <field name="posY" type="float">0.370</field>
            <field name="width" type="float">0.587</field>
            <field name="height" type="float">0.014</field>
        </record>

        <!-- PAGE 3 -->
        <record model="sign.item" id="sign_item_analyst_name_header2">
            <field name="template_id" ref="default_analyst_nda_template"/>
            <field name="type_id" ref="hawk_sign.sign_item_type_header_name"/>
            <field name="responsible_id" ref="sign.sign_item_role_customer"/>
            <field name="page" type="int">3</field>
            <field name="posX" type="float">0.685</field>
            <field name="posY" type="float">0.103</field>
            <field name="width" type="float">0.235</field>
            <field name="height" type="float">0.022</field>
        </record>

        <!-- PAGE 4 -->
        <record model="sign.item" id="sign_item_analyst_name_header3">
            <field name="template_id" ref="default_analyst_nda_template"/>
            <field name="type_id" ref="hawk_sign.sign_item_type_header_name"/>
            <field name="responsible_id" ref="sign.sign_item_role_customer"/>
            <field name="page" type="int">4</field>
            <field name="posX" type="float">0.685</field>
            <field name="posY" type="float">0.103</field>
            <field name="width" type="float">0.235</field>
            <field name="height" type="float">0.022</field>
        </record>

        <!-- PAGE 5 -->
        <record model="sign.item" id="sign_item_analyst_name_header4">
            <field name="template_id" ref="default_analyst_nda_template"/>
            <field name="type_id" ref="hawk_sign.sign_item_type_header_name"/>
            <field name="responsible_id" ref="sign.sign_item_role_customer"/>
            <field name="page" type="int">5</field>
            <field name="posX" type="float">0.685</field>
            <field name="posY" type="float">0.103</field>
            <field name="width" type="float">0.235</field>
            <field name="height" type="float">0.022</field>
        </record>
        <record model="sign.item" id="sign_item_analyst_name_bold_2">
            <field name="template_id" ref="default_analyst_nda_template"/>
            <field name="type_id" ref="sign_item_type_bold_name"/>
            <field name="responsible_id" ref="sign.sign_item_role_customer"/>
            <field name="page" type="int">5</field>
            <field name="posX" type="float">0.486</field>
            <field name="posY" type="float">0.361</field>
            <field name="width" type="float">0.418</field>
            <field name="height" type="float">0.014</field>
        </record>
        <record model="sign.item" id="sign_item_analyst_company_street_address">
            <field name="template_id" ref="default_analyst_nda_template"/>
            <field name="type_id" ref="sign_item_type_company_street_address"/>
            <field name="responsible_id" ref="sign.sign_item_role_customer"/>
            <field name="page" type="int">5</field>
            <field name="posX" type="float">0.487</field>
            <field name="posY" type="float">0.379</field>
            <field name="width" type="float">0.417</field>
            <field name="height" type="float">0.014</field>
        </record>
        <record model="sign.item" id="sign_item_analyst_company_region_address">
            <field name="template_id" ref="default_analyst_nda_template"/>
            <field name="type_id" ref="sign_item_type_company_region_address"/>
            <field name="responsible_id" ref="sign.sign_item_role_customer"/>
            <field name="page" type="int">5</field>
            <field name="posX" type="float">0.487</field>
            <field name="posY" type="float">0.396</field>
            <field name="width" type="float">0.417</field>
            <field name="height" type="float">0.014</field>
        </record>
        <record model="sign.item" id="sign_item_analyst_phone">
            <field name="template_id" ref="default_analyst_nda_template"/>
            <field name="type_id" ref="sign.sign_item_type_phone"/>
            <field name="responsible_id" ref="sign.sign_item_role_customer"/>
            <field name="page" type="int">5</field>
            <field name="posX" type="float">0.600</field>
            <field name="posY" type="float">0.430</field>
            <field name="width" type="float">0.300</field>
            <field name="height" type="float">0.014</field>
        </record>
        <record model="sign.item" id="sign_item_analyst_email">
            <field name="template_id" ref="default_analyst_nda_template"/>
            <field name="type_id" ref="sign.sign_item_type_email"/>
            <field name="responsible_id" ref="sign.sign_item_role_customer"/>
            <field name="page" type="int">5</field>
            <field name="posX" type="float">0.600</field>
            <field name="posY" type="float">0.462</field>
            <field name="width" type="float">0.300</field>
            <field name="height" type="float">0.014</field>
        </record>


        <!-- PAGE 6 -->
        <record model="sign.item" id="sign_item_analyst_name_header5">
            <field name="template_id" ref="default_analyst_nda_template"/>
            <field name="type_id" ref="hawk_sign.sign_item_type_header_name"/>
            <field name="responsible_id" ref="sign.sign_item_role_customer"/>
            <field name="page" type="int">6</field>
            <field name="posX" type="float">0.685</field>
            <field name="posY" type="float">0.103</field>
            <field name="width" type="float">0.235</field>
            <field name="height" type="float">0.022</field>
        </record>
        <record model="sign.item" id="sign_item_analyst_nda_date_english_2">
            <field name="template_id" ref="default_analyst_nda_template"/>
            <field name="type_id" ref="sign_item_type_date_english"/>
            <field name="responsible_id" ref="sign.sign_item_role_customer"/>
            <field name="page" type="int">6</field>
            <field name="posX" type="float">0.465</field>
            <field name="posY" type="float">0.234</field>
            <field name="width" type="float">0.221</field>
            <field name="height" type="float">0.016</field>
        </record>
        <record model="sign.item" id="sign_item_analyst_signature">
            <field name="template_id" ref="default_analyst_nda_template"/>
            <field name="type_id" ref="sign.sign_item_type_signature"/>
            <field name="responsible_id" ref="sign.sign_item_role_customer"/>
            <field name="page" type="int">6</field>
            <field name="posX" type="float">0.480</field>
            <field name="posY" type="float">0.627</field>
            <field name="width" type="float">0.260</field>
            <field name="height" type="float">0.050</field>
        </record>
        <record model="sign.item" id="sign_item_analyst_name_3">
            <field name="template_id" ref="default_analyst_nda_template"/>
            <field name="type_id" ref="sign.sign_item_type_name"/>
            <field name="responsible_id" ref="sign.sign_item_role_customer"/>
            <field name="page" type="int">6</field>
            <field name="posX" type="float">0.635</field>
            <field name="posY" type="float">0.693</field>
            <field name="width" type="float">0.238</field>
            <field name="height" type="float">0.015</field>
        </record>
        <record model="sign.item" id="sign_item_analyst_function">
            <field name="template_id" ref="default_analyst_nda_template"/>
            <field name="type_id" ref="sign_item_type_function"/>
            <field name="responsible_id" ref="sign.sign_item_role_customer"/>
            <field name="page" type="int">6</field>
            <field name="posX" type="float">0.634</field>
            <field name="posY" type="float">0.713</field>
            <field name="width" type="float">0.239</field>
            <field name="height" type="float">0.013</field>
        </record>
    </data>
</odoo>