<?xml version="1.0" encoding="utf-8"?>
<odoo>
    <data noupdate="0">

        <record id="sign_template_type_safety_analyst" model="sign.template.type">
            <field name="name">Safety Analyst</field>
        </record>
        <record id="sign_template_type_quality_analyst" model="sign.template.type">
            <field name="name">Quality Analyst</field>
        </record>
        <record id="sign_template_type_health_analyst" model="sign.template.type">
            <field name="name">Health Analyst</field>
        </record>
        <record id="sign_template_type_environment_analyst" model="sign.template.type">
            <field name="name">Environment Analyst</field>
        </record>
        <record id="sign_template_type_team_leader" model="sign.template.type">
            <field name="name">Team Leader</field>
        </record>

        <record model="sign.item.type" id="sign_item_type_header_name">
            <field name="name">Header Name</field>
            <field name="tip">fill in</field>
            <field name="placeholder">Header Name</field>
            <field name="auto_field">name</field>
        </record>

        <record model="sign.item.type" id="sign_item_type_bold_name">
            <field name="name">Name Bold</field>
            <field name="tip">fill in</field>
            <field name="placeholder">Name Bold</field>
            <field name="auto_field">name</field>
        </record>

        <record model="sign.item.type" id="sign_item_type_date_ordinal">
            <field name="name">Date Ordinal</field>
            <field name="tip">fill in</field>
            <field name="placeholder">Date Ordinal</field>
        </record>

        <record model="sign.item.type" id="sign_item_type_date_english">
            <field name="name">Date ENG</field>
            <field name="tip">fill in</field>
            <field name="placeholder">Date ENG</field>
        </record>

        <record model="sign.item.type" id="sign_item_type_office_address">
            <field name="name">Office Address</field>
            <field name="tip">fill in</field>
            <field name="placeholder">Office Address</field>
            <field name="auto_field">office_address</field>
        </record>

        <record model="sign.item.type" id="sign_item_type_function">
            <field name="name">Function</field>
            <field name="tip">fill in</field>
            <field name="placeholder">Function</field>
            <field name="auto_field">function</field>
        </record>

        <record model="sign.item.type" id="sign_item_type_company_region">
            <field name="name">Company Region</field>
            <field name="tip">fill in</field>
            <field name="placeholder">Company Region</field>
            <field name="auto_field">company_id.state_id.name</field>
        </record>

        <record model="sign.item.type" id="sign_item_type_company_custom_address">
            <field name="name">Company Custom Address</field>
            <field name="tip">fill in</field>
            <field name="placeholder">Company Custom Address</field>
            <field name="auto_field">company_id.sign_custom_address</field>
        </record>

        <record model="sign.item.type" id="sign_item_type_company_street_address">
            <field name="name">Company Street Address</field>
            <field name="tip">fill in</field>
            <field name="placeholder">Company Street Address</field>
            <field name="auto_field">company_id.sign_street_address</field>
        </record>

        <record model="sign.item.type" id="sign_item_type_company_region_address">
            <field name="name">Company Regional Address</field>
            <field name="tip">fill in</field>
            <field name="placeholder">Company Regional Address</field>
            <field name="auto_field">company_id.sign_region_address</field>
        </record>

        <record model="sign.item.type" id="sign_item_type_company_complete_address">
            <field name="name">Company Complete Address</field>
            <field name="tip">fill in</field>
            <field name="placeholder">Company Complete Address</field>
            <field name="auto_field">company_id.sign_complete_address</field>
        </record>

        <record model="sign.item.type" id="sign_item_type_company_complete_name">
            <field name="name">Company Complete Name</field>
            <field name="tip">fill in</field>
            <field name="placeholder">Company Complete Name</field>
            <field name="auto_field">company_id.complete_name</field>
        </record>

        <!-- Item responsibles -->
        <record model="sign.item.role" id="sign_item_role_analyst">
            <field name="name">Analyst</field>
        </record>

        <record model="sign.item.role" id="sign_item_role_team_leader">
            <field name="name">Team Leader</field>
        </record>

        <record model="sign.item.role" id="sign_item_quality_control">
            <field name="name">Quality Control</field>
        </record>

        <record model="sign.item.role" id="sign_item_role_tender_manager">
            <field name="name">Tender Manager</field>
        </record>

        <record model="sign.item.role" id="sign_item_cr_manager">
            <field name="name">Client Relations Manager</field>
        </record>
    </data>
</odoo>