<odoo>
    <data noupdate="0">
        <record id="hawk_base.user_team_leaderA" model="res.users">
            <field name="groups_id" eval="[(4, ref('sign.group_sign_user'))]"/>
        </record>
         <record id="hawk_base.user_team_leaderB" model="res.users">
            <field name="groups_id" eval="[(4, ref('sign.group_sign_user'))]"/>
        </record>
         <record id="hawk_base.user_team_leaderC" model="res.users">
            <field name="groups_id" eval="[(4, ref('sign.group_sign_user'))]"/>
        </record>
        <record id="hawk_base.user_analystA" model="res.users">
            <field name="groups_id" eval="[(4, ref('sign.group_sign_user'))]"/>
        </record>
        <record id="hawk_base.user_analystB" model="res.users">
            <field name="groups_id" eval="[(4, ref('sign.group_sign_user'))]"/>
        </record>
        <record id="hawk_base.user_analystC" model="res.users">
            <field name="groups_id" eval="[(4, ref('sign.group_sign_user'))]"/>
        </record>
        <record id="hawk_base.user_analystD" model="res.users">
            <field name="groups_id" eval="[(4, ref('sign.group_sign_user'))]"/>
        </record>
    </data>
</odoo>